timestamp,wb_total_demand_mw,cesc_demand_mw,wbsedcl_demand_mw,grid_frequency_hz,ambient_temp_c,relative_humidity_pct,apparent_temp_c,us_aqi,system_overload_alert
2026-07-01 00:00:00,6272.4,1778.3,4494.1,50.003,29.2,82.2,36.2,217,0
2026-07-01 01:00:00,6543.2,1846.3,4696.9,49.996,29.4,87.3,37.1,206,0
2026-07-01 02:00:00,5781.7,1607.3,4174.4,50.019,27.8,80.7,33.8,189,0
2026-07-01 03:00:00,5464.7,1560.1,3904.6,49.967,26.8,82.8,32.4,235,0
2026-07-01 04:00:00,5244.9,1470.8,3774.1,50.001,27.2,86.8,33.5,190,0
2026-07-01 05:00:00,5894.1,1712.7,4181.4,49.973,27.6,90.5,34.6,198,0
2026-07-01 06:00:00,6449.1,1867.5,4581.6,50.015,29.0,76.7,35.1,167,0
2026-07-01 07:00:00,6816.4,1924.2,4892.2,50.042,29.7,78.6,36.4,152,0
2026-07-01 08:00:00,7387.5,2078.4,5309.1,50.028,31.1,70.6,37.6,164,0
2026-07-01 09:00:00,8276.3,2372.0,5904.3,50.039,32.8,74.8,41.1,133,0
2026-07-01 10:00:00,8235.8,2379.7,5856.1,50.051,32.8,67.6,39.8,115,0
2026-07-01 11:00:00,8834.3,2532.2,6302.1,50.056,34.2,67.5,42.1,126,0
2026-07-01 12:00:00,9418.3,2687.7,6730.6,49.881,35.2,66.1,43.5,73,1
2026-07-01 13:00:00,9207.0,2683.1,6523.9,49.909,36.0,53.0,42.3,103,1
2026-07-01 14:00:00,9225.2,2608.0,6617.2,49.926,35.7,56.0,42.5,118,1
2026-07-01 15:00:00,9400.1,2663.3,6736.8,49.861,36.6,59.9,44.7,96,1
2026-07-01 16:00:00,9262.0,2583.1,6678.9,49.902,36.6,58.3,44.3,112,1
2026-07-01 17:00:00,10545.0,3080.8,7464.2,49.722,35.6,56.6,42.5,118,1
2026-07-01 18:00:00,10800.0,3080.4,7719.6,49.729,35.4,61.2,42.9,103,1
2026-07-01 19:00:00,10800.0,3123.7,7676.3,49.72,34.1,65.4,41.6,145,1
2026-07-01 20:00:00,10800.0,3101.5,7698.5,49.724,33.8,65.4,41.1,181,1
2026-07-01 21:00:00,10182.5,2840.0,7342.5,49.774,31.2,70.3,37.7,175,0
2026-07-01 22:00:00,8141.2,2288.9,5852.3,50.0,30.0,77.3,36.8,173,0
2026-07-01 23:00:00,7448.3,2058.5,5389.8,50.016,30.4,75.8,37.2,202,0
2026-07-02 00:00:00,5671.4,1637.2,4034.2,50.019,29.0,85.0,36.2,189,0
2026-07-02 01:00:00,6165.8,1769.0,4396.8,49.989,28.3,86.0,35.2,202,0
2026-07-02 02:00:00,6513.6,1817.4,4696.2,50.034,29.1,87.9,36.8,197,0
2026-07-02 03:00:00,6007.5,1745.0,4262.5,50.067,28.4,84.5,35.2,227,0
2026-07-02 04:00:00,5056.0,1437.9,3618.1,50.02,27.5,84.2,33.6,194,0
2026-07-02 05:00:00,6473.2,1834.3,4638.9,50.092,28.3,87.5,35.4,199,0
2026-07-02 06:00:00,6656.2,1888.1,4768.1,50.031,29.3,80.0,36.1,171,0
2026-07-02 07:00:00,6811.2,1923.3,4887.9,50.036,30.1,79.3,37.3,161,0
2026-07-02 08:00:00,7536.5,2112.5,5424.0,50.015,31.0,72.1,37.7,162,0
2026-07-02 09:00:00,8068.3,2342.8,5725.5,50.042,32.0,68.6,38.8,151,0
2026-07-02 10:00:00,8302.0,2386.7,5915.3,50.126,32.1,65.3,38.3,140,0
2026-07-02 11:00:00,9216.7,2614.1,6602.6,49.933,34.7,67.9,43.1,135,1
2026-07-02 12:00:00,8971.5,2649.5,6322.0,49.954,34.6,60.7,41.5,105,1
2026-07-02 13:00:00,9494.5,2708.5,6786.0,49.854,36.4,54.2,43.3,99,1
2026-07-02 14:00:00,9333.3,2661.8,6671.5,49.887,35.8,59.5,43.3,94,1
2026-07-02 15:00:00,9898.7,2794.7,7104.0,49.832,38.2,58.9,47.2,76,1
2026-07-02 16:00:00,9198.5,2573.6,6624.9,50.0,35.7,57.2,42.7,119,1
2026-07-02 17:00:00,10531.8,2951.1,7580.7,49.739,35.5,57.0,42.4,147,1
2026-07-02 18:00:00,10800.0,3128.7,7671.3,49.72,36.9,64.5,46.1,109,1
2026-07-02 19:00:00,10800.0,2948.3,7851.7,49.72,34.6,66.8,42.7,131,1
2026-07-02 20:00:00,10674.1,3024.5,7649.6,49.72,33.0,64.4,39.6,184,1
2026-07-02 21:00:00,10750.0,3024.5,7725.5,49.72,33.2,67.7,40.4,191,1
2026-07-02 22:00:00,8008.4,2286.9,5721.5,50.03,31.0,74.1,37.9,188,0
2026-07-02 23:00:00,7120.1,2023.1,5097.0,50.028,31.0,75.8,38.2,230,0
2026-07-03 00:00:00,5788.3,1626.1,4162.2,50.035,29.0,80.7,35.7,204,0
2026-07-03 01:00:00,6222.1,1805.8,4416.3,50.029,28.4,82.9,34.9,226,0
2026-07-03 02:00:00,5983.6,1704.5,4279.1,50.014,27.0,84.8,32.9,226,0
2026-07-03 03:00:00,5914.7,1677.0,4237.7,50.043,28.5,85.2,35.4,221,0
2026-07-03 04:00:00,5637.4,1633.9,4003.5,50.001,28.3,88.9,35.6,227,0
2026-07-03 05:00:00,6273.9,1755.3,4518.6,50.073,28.4,84.6,35.1,200,0
2026-07-03 06:00:00,6440.7,1860.6,4580.1,50.029,28.0,79.0,33.8,204,0
2026-07-03 07:00:00,6806.1,1978.8,4827.3,50.006,29.7,76.8,36.3,175,0
2026-07-03 08:00:00,7216.1,2023.7,5192.4,50.017,30.2,74.9,36.7,166,0
2026-07-03 09:00:00,8095.9,2249.4,5846.5,49.968,32.2,70.5,39.3,138,0
2026-07-03 10:00:00,8665.0,2503.8,6161.2,50.005,32.6,67.5,39.5,137,0
2026-07-03 11:00:00,8739.1,2503.5,6235.6,49.985,34.2,61.5,41.1,120,0
2026-07-03 12:00:00,9459.6,2723.6,6736.0,49.873,35.6,66.0,44.2,110,1
2026-07-03 13:00:00,9218.5,2628.2,6590.3,49.927,36.1,59.0,43.7,108,1
2026-07-03 14:00:00,9644.3,2783.5,6860.8,49.857,37.5,60.4,46.3,137,1
2026-07-03 15:00:00,9614.4,2655.2,6959.2,49.847,38.3,54.6,46.3,94,1
2026-07-03 16:00:00,9411.7,2720.4,6691.3,49.877,35.7,58.0,42.9,117,1
2026-07-03 17:00:00,10800.0,3125.2,7674.8,49.72,35.2,60.5,42.5,101,1
2026-07-03 18:00:00,10800.0,3014.2,7785.8,49.72,33.8,65.5,41.1,130,1
2026-07-03 19:00:00,10800.0,3035.3,7764.7,49.72,34.3,64.6,41.7,139,1
2026-07-03 20:00:00,10800.0,3016.6,7783.4,49.72,33.3,69.7,41.0,170,1
2026-07-03 21:00:00,10612.6,3071.8,7540.8,49.72,32.3,69.8,39.3,197,1
2026-07-03 22:00:00,8809.0,2536.4,6272.6,50.051,32.5,81.1,41.5,183,0
2026-07-03 23:00:00,6696.0,1861.0,4835.0,49.949,29.0,81.6,35.7,214,0
2026-07-04 00:00:00,5534.9,1642.6,3892.3,49.969,28.6,84.8,35.5,230,0
2026-07-04 01:00:00,5306.9,1429.8,3877.1,50.007,26.7,84.8,32.5,218,0
2026-07-04 02:00:00,5210.1,1464.3,3745.8,49.978,26.6,88.5,32.8,220,0
2026-07-04 03:00:00,5353.0,1504.4,3848.6,49.986,27.4,89.9,34.3,198,0
2026-07-04 04:00:00,4624.8,1396.6,3228.2,50.011,27.6,83.4,33.7,199,0
2026-07-04 05:00:00,5477.4,1585.6,3891.8,50.033,27.5,85.6,33.9,197,0
2026-07-04 06:00:00,5471.7,1498.8,3972.9,50.051,28.4,80.9,34.7,183,0
2026-07-04 07:00:00,6883.0,2084.8,4798.2,50.044,31.1,78.8,38.7,182,0
2026-07-04 08:00:00,6929.1,1944.5,4984.6,49.967,30.7,73.0,37.4,135,0
2026-07-04 09:00:00,7436.0,2118.9,5317.1,50.054,31.5,68.8,37.9,171,0
2026-07-04 10:00:00,8033.7,2248.1,5785.6,50.004,33.2,65.5,40.2,155,0
2026-07-04 11:00:00,8342.3,2321.6,6020.7,50.027,33.5,60.4,39.8,135,0
2026-07-04 12:00:00,8209.8,2341.7,5868.1,49.985,34.7,59.9,41.5,103,0
2026-07-04 13:00:00,8598.6,2427.5,6171.1,50.033,36.1,58.9,43.7,103,0
2026-07-04 14:00:00,8924.5,2476.7,6447.8,50.026,36.7,54.6,43.9,106,1
2026-07-04 15:00:00,8341.8,2312.3,6029.5,50.011,36.0,58.7,43.4,95,0
2026-07-04 16:00:00,8298.5,2362.4,5936.1,49.974,36.6,54.8,43.6,121,0
2026-07-04 17:00:00,9713.0,2808.5,6904.5,49.832,35.4,59.2,42.5,108,1
2026-07-04 18:00:00,10643.1,2934.4,7708.7,49.72,35.9,58.0,43.1,140,1
2026-07-04 19:00:00,10472.2,2988.0,7484.2,49.726,34.7,63.9,42.3,151,1
2026-07-04 20:00:00,10487.0,2969.3,7517.7,49.72,34.1,68.9,42.2,165,1
2026-07-04 21:00:00,10195.1,2940.5,7254.6,49.764,32.3,70.7,39.6,178,1
2026-07-04 22:00:00,7524.3,2069.6,5454.7,49.999,31.8,74.7,39.3,156,0
2026-07-04 23:00:00,6701.5,1943.1,4758.4,49.944,29.8,84.5,37.4,203,0
2026-07-05 00:00:00,5679.2,1632.1,4047.1,49.998,29.0,84.9,36.2,185,0
2026-07-05 01:00:00,5970.3,1683.2,4287.1,49.985,28.6,91.8,36.4,215,0
2026-07-05 02:00:00,5630.0,1623.7,4006.3,50.02,28.3,83.9,34.9,216,0
2026-07-05 03:00:00,5267.3,1483.4,3783.9,50.021,28.3,85.5,35.2,209,0
2026-07-05 04:00:00,5341.7,1538.9,3802.8,50.066,28.3,83.7,34.8,220,0
2026-07-05 05:00:00,5627.3,1630.0,3997.3,50.008,27.5,81.3,33.3,172,0
2026-07-05 06:00:00,6184.6,1767.0,4417.6,50.032,29.0,79.2,35.5,224,0
2026-07-05 07:00:00,6691.1,1982.3,4708.8,50.05,30.1,80.2,37.4,162,0
2026-07-05 08:00:00,7261.7,2071.8,5189.9,50.043,32.1,74.3,39.8,145,0
2026-07-05 09:00:00,7170.5,2003.1,5167.4,49.96,30.6,76.6,37.7,143,0
2026-07-05 10:00:00,7936.1,2248.4,5687.7,50.06,33.8,68.3,41.7,113,0
2026-07-05 11:00:00,8064.1,2190.4,5873.7,50.008,34.0,60.0,40.6,117,0
2026-07-05 12:00:00,8759.4,2485.7,6273.7,49.977,35.0,63.5,42.7,140,0
2026-07-05 13:00:00,9258.9,2646.7,6612.2,49.908,38.0,59.2,46.8,107,1
2026-07-05 14:00:00,8512.5,2397.5,6115.0,50.013,35.9,55.9,42.7,104,0
2026-07-05 15:00:00,9037.2,2625.4,6411.8,49.948,36.3,61.5,44.5,67,1
2026-07-05 16:00:00,8384.7,2345.2,6039.5,50.063,36.1,56.4,43.1,91,0
2026-07-05 17:00:00,10029.8,2837.5,7192.3,49.805,36.6,62.8,45.4,131,1
2026-07-05 18:00:00,10053.0,2893.6,7159.4,49.801,34.2,63.5,41.4,128,1
2026-07-05 19:00:00,10610.0,3047.6,7562.4,49.72,34.0,68.0,41.8,129,1
2026-07-05 20:00:00,10226.4,2893.6,7332.8,49.787,33.4,64.4,40.3,173,1
2026-07-05 21:00:00,9631.0,2693.6,6937.4,49.89,31.4,67.8,37.7,150,0
2026-07-05 22:00:00,7180.4,2024.6,5155.8,50.022,29.2,81.0,35.9,190,0
2026-07-05 23:00:00,6707.7,1897.2,4810.5,50.008,29.7,82.8,37.1,200,0
2026-07-06 00:00:00,5887.8,1684.9,4202.9,50.004,29.1,77.5,35.3,187,0
2026-07-06 01:00:00,5946.1,1702.5,4243.6,49.981,28.1,86.0,34.9,205,0
2026-07-06 02:00:00,6157.6,1765.2,4392.4,50.039,28.0,81.4,34.1,230,0
2026-07-06 03:00:00,5776.6,1621.3,4155.3,50.011,28.8,90.0,36.6,185,0
2026-07-06 04:00:00,5281.0,1480.6,3800.4,49.968,28.1,84.3,34.6,210,0
2026-07-06 05:00:00,5973.5,1664.5,4309.0,50.089,27.4,80.9,33.1,184,0
2026-07-06 06:00:00,6734.8,1896.4,4838.4,50.014,29.2,83.2,36.3,174,0
2026-07-06 07:00:00,7438.8,2118.6,5320.2,50.063,31.8,79.2,40.0,191,0
2026-07-06 08:00:00,7402.8,2135.1,5267.7,50.039,30.3,81.3,37.9,170,0
2026-07-06 09:00:00,8006.2,2278.8,5727.4,50.029,32.5,67.3,39.3,134,0
2026-07-06 10:00:00,8605.0,2474.8,6130.2,50.042,33.3,64.1,40.1,138,0
2026-07-06 11:00:00,8797.5,2524.5,6273.0,50.016,34.9,65.9,43.0,120,0
2026-07-06 12:00:00,9268.4,2639.9,6628.5,49.923,35.4,57.6,42.3,96,1
2026-07-06 13:00:00,9225.4,2633.1,6592.3,49.907,35.9,59.1,43.4,120,1
2026-07-06 14:00:00,9174.2,2664.9,6509.3,49.983,36.0,56.6,43.0,108,1
2026-07-06 15:00:00,9299.7,2691.7,6608.0,49.875,36.4,55.7,43.4,128,1
2026-07-06 16:00:00,9550.7,2701.3,6849.4,49.896,36.6,60.2,44.7,113,1
2026-07-06 17:00:00,10800.0,3141.2,7658.8,49.72,37.7,57.9,46.2,114,1
2026-07-06 18:00:00,10784.0,3033.3,7750.7,49.72,34.8,60.5,41.9,112,1
2026-07-06 19:00:00,10800.0,3117.4,7682.6,49.72,34.2,65.2,41.8,169,1
2026-07-06 20:00:00,10800.0,3084.7,7715.3,49.72,33.1,70.1,40.8,143,1
2026-07-06 21:00:00,10671.4,3016.4,7655.0,49.72,32.2,79.4,40.8,164,1
2026-07-06 22:00:00,7994.6,2245.2,5749.4,50.024,30.3,79.4,37.6,208,0
2026-07-06 23:00:00,6776.6,1993.2,4783.4,50.064,29.3,81.4,36.2,201,0
2026-07-07 00:00:00,5792.5,1677.2,4115.3,50.07,28.3,81.4,34.6,211,0
2026-07-07 01:00:00,5800.3,1651.7,4148.6,50.064,28.0,82.6,34.2,192,0
2026-07-07 02:00:00,6153.6,1854.9,4298.7,49.994,27.2,87.2,33.6,214,0
2026-07-07 03:00:00,6018.9,1738.7,4280.2,49.999,27.1,90.1,33.7,223,0
2026-07-07 04:00:00,5665.1,1657.2,4007.9,50.045,28.1,89.8,35.4,219,0
2026-07-07 05:00:00,6450.6,1886.7,4563.9,49.985,29.2,86.9,36.8,196,0
2026-07-07 06:00:00,6800.4,1945.8,4854.6,50.011,29.1,81.4,35.9,187,0
2026-07-07 07:00:00,7155.6,2027.0,5128.6,50.017,28.7,81.7,35.2,183,0
2026-07-07 08:00:00,7725.2,2226.0,5499.2,50.016,31.0,80.6,39.0,158,0
2026-07-07 09:00:00,7777.6,2221.9,5555.7,49.989,31.6,72.6,38.8,161,0
2026-07-07 10:00:00,8757.4,2558.5,6198.9,50.008,34.1,63.5,41.3,124,0
2026-07-07 11:00:00,8525.0,2447.2,6077.8,49.995,33.8,70.1,41.9,99,0
2026-07-07 12:00:00,8885.2,2481.1,6404.1,50.036,34.4,63.5,41.7,116,0
2026-07-07 13:00:00,9243.7,2573.4,6670.3,49.9,36.4,58.7,44.1,134,1
2026-07-07 14:00:00,9456.6,2645.1,6811.5,49.91,36.3,58.2,43.9,101,1
2026-07-07 15:00:00,9517.5,2735.3,6782.2,49.881,36.4,60.4,44.5,112,1
2026-07-07 16:00:00,9609.8,2735.2,6874.6,49.887,36.9,61.5,45.5,115,1
2026-07-07 17:00:00,10382.3,2964.1,7418.2,49.729,35.4,64.4,43.5,120,1
2026-07-07 18:00:00,10800.0,3059.9,7740.1,49.72,35.9,59.4,43.4,125,1
2026-07-07 19:00:00,10800.0,3039.3,7760.7,49.72,33.0,66.8,40.0,157,1
2026-07-07 20:00:00,10800.0,3069.2,7730.8,49.72,33.2,64.6,40.0,182,1
2026-07-07 21:00:00,10285.8,2891.4,7394.4,49.752,32.2,65.9,38.6,170,1
2026-07-07 22:00:00,8583.5,2502.3,6081.2,50.038,32.3,77.8,40.6,178,0
2026-07-07 23:00:00,7191.7,2085.4,5106.3,50.029,29.8,77.6,36.5,209,0
2026-07-08 00:00:00,6158.7,1838.2,4320.5,49.989,29.7,81.0,36.7,227,0
2026-07-08 01:00:00,6344.6,1795.4,4549.2,50.023,29.5,85.6,37.1,203,0
2026-07-08 02:00:00,6493.2,1919.6,4573.6,50.023,28.1,84.8,34.7,214,0
2026-07-08 03:00:00,5555.2,1572.9,3982.3,49.96,27.5,87.4,34.1,222,0
2026-07-08 04:00:00,5722.6,1581.9,4140.7,49.966,28.0,88.4,35.0,200,0
2026-07-08 05:00:00,6218.8,1815.5,4403.3,50.009,28.3,88.1,35.4,224,0
2026-07-08 06:00:00,6288.8,1851.4,4437.4,50.051,28.7,85.3,35.7,197,0
2026-07-08 07:00:00,6935.9,1954.7,4981.2,49.99,29.2,80.7,36.0,181,0
2026-07-08 08:00:00,7520.9,2174.3,5346.6,49.925,30.8,79.4,38.4,168,0
2026-07-08 09:00:00,7944.8,2212.5,5732.3,50.045,32.9,66.8,39.9,140,0
2026-07-08 10:00:00,8581.1,2448.7,6132.4,49.972,32.8,69.2,40.1,131,0
2026-07-08 11:00:00,8969.4,2616.3,6353.1,50.036,35.0,63.0,42.7,97,1
2026-07-08 12:00:00,9408.1,2696.6,6711.5,49.897,34.9,60.3,42.0,107,1
2026-07-08 13:00:00,9514.0,2708.6,6805.4,49.872,36.7,59.7,44.9,102,1
2026-07-08 14:00:00,9522.4,2717.0,6805.4,49.832,36.9,57.7,44.8,115,1
2026-07-08 15:00:00,9050.4,2662.9,6387.5,50.006,37.2,58.0,45.4,121,1
2026-07-08 16:00:00,9155.8,2584.5,6571.3,50.067,37.2,54.4,44.6,121,1
2026-07-08 17:00:00,10686.8,3051.8,7635.0,49.72,35.7,59.7,43.2,134,1
2026-07-08 18:00:00,10800.0,3122.2,7677.8,49.72,37.1,61.2,45.8,135,1
2026-07-08 19:00:00,10800.0,3090.1,7709.9,49.72,34.8,61.1,41.9,170,1
2026-07-08 20:00:00,10800.0,3142.5,7657.5,49.72,33.1,69.1,40.6,164,1
2026-07-08 21:00:00,10361.2,2976.8,7384.4,49.76,31.8,74.9,39.4,192,1
2026-07-08 22:00:00,8124.1,2308.5,5815.6,50.01,30.6,80.0,38.2,185,0
2026-07-08 23:00:00,6727.4,1877.7,4849.7,49.945,28.9,75.2,34.7,222,0
2026-07-09 00:00:00,5925.4,1661.2,4264.2,50.078,28.3,78.6,34.3,232,0
2026-07-09 01:00:00,6570.8,1817.1,4753.7,49.961,28.9,84.0,35.9,175,0
2026-07-09 02:00:00,6571.1,1896.6,4674.5,50.036,28.5,93.8,36.5,235,0
2026-07-09 03:00:00,5859.8,1639.9,4219.9,50.002,28.1,87.8,35.1,214,0
2026-07-09 04:00:00,4740.7,1358.3,3382.4,50.052,26.3,86.2,32.0,192,0
2026-07-09 05:00:00,6313.8,1760.1,4553.7,50.003,28.8,80.3,35.3,184,0
2026-07-09 06:00:00,6338.0,1782.3,4555.7,50.02,29.3,79.7,35.9,189,0
2026-07-09 07:00:00,6788.4,1943.6,4844.8,50.051,28.5,80.8,34.8,173,0
2026-07-09 08:00:00,7604.3,2169.2,5435.1,50.011,30.9,74.6,37.9,161,0
2026-07-09 09:00:00,8161.8,2276.3,5885.5,49.989,31.4,70.0,38.0,124,0
2026-07-09 10:00:00,8710.1,2455.4,6254.7,50.018,32.6,70.8,40.0,128,0
2026-07-09 11:00:00,8938.3,2572.8,6365.5,50.022,33.6,70.9,41.7,103,1
2026-07-09 12:00:00,9061.1,2621.0,6440.1,50.076,35.0,61.0,42.3,113,1
2026-07-09 13:00:00,9533.6,2684.9,6848.7,49.903,35.5,54.9,41.9,105,1
2026-07-09 14:00:00,9969.2,2826.1,7143.1,49.801,37.7,55.9,45.6,113,1
2026-07-09 15:00:00,8909.1,2540.4,6368.7,49.987,36.0,54.0,42.6,97,1
2026-07-09 16:00:00,9265.8,2561.0,6704.8,49.918,36.5,52.8,43.2,117,1
2026-07-09 17:00:00,10800.0,3049.8,7750.2,49.72,36.9,55.4,44.2,146,1
2026-07-09 18:00:00,10800.0,3084.8,7715.2,49.72,35.6,61.6,43.4,140,1
2026-07-09 19:00:00,10800.0,3121.7,7678.3,49.72,34.2,61.8,41.1,134,1
2026-07-09 20:00:00,10800.0,3170.8,7629.2,49.72,32.3,67.2,39.0,178,1
2026-07-09 21:00:00,10509.0,3023.4,7485.6,49.743,32.2,71.1,39.4,176,1
2026-07-09 22:00:00,7888.7,2204.1,5684.6,49.945,30.2,71.9,36.4,159,0
2026-07-09 23:00:00,7512.5,2144.3,5368.2,50.007,30.1,87.0,38.2,198,0
2026-07-10 00:00:00,6113.7,1715.7,4398.0,50.04,29.6,81.7,36.7,211,0
2026-07-10 01:00:00,5874.5,1675.4,4199.1,50.01,28.0,82.7,34.2,221,0
2026-07-10 02:00:00,6436.1,1889.9,4546.2,50.027,28.5,87.9,35.8,214,0
2026-07-10 03:00:00,5508.1,1545.4,3962.7,50.004,27.5,83.1,33.5,197,0
2026-07-10 04:00:00,5469.3,1561.3,3908.0,49.951,27.7,88.1,34.5,206,0
2026-07-10 05:00:00,5944.0,1755.3,4188.7,50.047,27.4,84.6,33.5,180,0
2026-07-10 06:00:00,6513.0,1831.7,4681.3,50.001,28.6,87.1,35.9,189,0
2026-07-10 07:00:00,6920.8,1989.9,4930.9,50.046,29.4,80.0,36.3,176,0
2026-07-10 08:00:00,7769.8,2159.7,5610.1,50.003,31.6,71.4,38.5,121,0
2026-07-10 09:00:00,7806.8,2201.9,5604.9,49.932,31.1,66.6,36.9,153,0
2026-07-10 10:00:00,8515.4,2426.3,6089.1,50.027,32.7,69.3,40.0,110,0
2026-07-10 11:00:00,8793.5,2505.1,6288.4,49.982,34.3,61.6,41.3,139,0
2026-07-10 12:00:00,9275.9,2588.7,6687.2,49.876,34.8,58.7,41.6,109,1
2026-07-10 13:00:00,9786.0,2764.8,7021.2,49.869,37.1,58.4,45.2,96,1
2026-07-10 14:00:00,9364.3,2698.5,6665.8,49.901,36.9,56.0,44.4,137,1
2026-07-10 15:00:00,9642.0,2766.4,6875.6,49.84,37.5,61.7,46.6,107,1
2026-07-10 16:00:00,9690.0,2707.8,6982.2,49.827,38.0,57.9,46.5,106,1
2026-07-10 17:00:00,10800.0,3125.4,7674.6,49.72,36.9,57.0,44.5,105,1
2026-07-10 18:00:00,10800.0,3065.1,7734.9,49.72,36.0,59.1,43.5,111,1
2026-07-10 19:00:00,10800.0,3052.3,7747.7,49.72,35.3,66.2,43.8,152,1
2026-07-10 20:00:00,10800.0,3099.5,7700.5,49.72,33.2,68.9,40.7,182,1
2026-07-10 21:00:00,10027.5,2940.1,7087.4,49.774,31.7,69.5,38.4,158,1
2026-07-10 22:00:00,8174.1,2364.0,5810.1,49.993,30.7,75.1,37.5,192,0
2026-07-10 23:00:00,7375.3,2121.6,5253.7,50.032,29.6,80.3,36.6,195,0
2026-07-11 00:00:00,5443.7,1567.4,3876.3,49.99,29.3,86.1,36.9,210,0
2026-07-11 01:00:00,5638.7,1619.4,4019.3,50.061,27.7,86.7,34.3,231,0
2026-07-11 02:00:00,5506.6,1599.5,3907.1,50.021,27.8,94.3,35.5,223,0
2026-07-11 03:00:00,5355.6,1518.0,3837.6,49.984,28.5,89.0,35.9,211,0
2026-07-11 04:00:00,5023.3,1383.8,3639.5,50.023,27.2,88.3,33.7,232,0
2026-07-11 05:00:00,5859.4,1638.5,4220.9,50.029,29.1,83.2,36.1,196,0
2026-07-11 06:00:00,5942.7,1722.6,4220.1,49.999,28.7,83.9,35.6,174,0
2026-07-11 07:00:00,6994.6,1936.7,5057.9,49.957,31.1,78.3,38.8,177,0
2026-07-11 08:00:00,7214.0,2033.4,5180.6,50.016,29.6,79.7,36.5,151,0
2026-07-11 09:00:00,8196.3,2376.9,5819.4,50.028,33.2,78.0,42.3,176,0
2026-07-11 10:00:00,8107.3,2303.8,5803.5,49.996,33.8,66.5,41.3,120,0
2026-07-11 11:00:00,8790.2,2459.5,6330.7,50.004,34.8,67.4,43.1,122,0
2026-07-11 12:00:00,8210.1,2400.4,5809.7,50.029,34.6,55.8,40.7,111,0
2026-07-11 13:00:00,8768.3,2489.9,6278.4,49.981,35.1,64.6,43.1,125,0
2026-07-11 14:00:00,9083.0,2569.1,6513.9,49.976,36.0,60.8,44.0,133,1
2026-07-11 15:00:00,8581.7,2427.1,6154.6,49.962,36.6,51.7,43.1,111,0
2026-07-11 16:00:00,8169.0,2327.1,5841.9,50.063,36.8,55.9,44.1,94,0
2026-07-11 17:00:00,10302.3,2896.2,7406.1,49.761,37.2,57.6,45.3,112,1
2026-07-11 18:00:00,10551.0,2971.9,7579.1,49.72,35.8,65.1,44.4,130,1
2026-07-11 19:00:00,10316.4,2999.9,7316.5,49.747,34.1,65.6,41.6,159,1
2026-07-11 20:00:00,10387.7,2990.0,7397.7,49.736,33.1,65.9,40.1,123,1
2026-07-11 21:00:00,9728.6,2804.4,6924.2,49.816,32.1,73.5,39.6,150,1
2026-07-11 22:00:00,7490.2,2070.1,5420.1,50.045,31.1,71.8,37.7,194,0
2026-07-11 23:00:00,6622.1,1846.7,4775.4,50.012,29.2,77.1,35.4,201,0
2026-07-12 00:00:00,5530.6,1543.1,3987.5,50.013,29.2,84.7,36.4,210,0
2026-07-12 01:00:00,5443.2,1456.8,3986.4,49.98,27.2,76.2,32.3,219,0
2026-07-12 02:00:00,5713.2,1621.0,4092.2,50.051,28.1,92.7,35.8,215,0
2026-07-12 03:00:00,4895.2,1400.0,3495.2,50.059,27.0,84.6,32.9,205,0
2026-07-12 04:00:00,4707.3,1376.9,3330.4,50.008,27.9,85.7,34.5,203,0
2026-07-12 05:00:00,5687.3,1603.8,4083.5,50.044,28.0,94.6,35.7,203,0
2026-07-12 06:00:00,5906.7,1758.3,4148.4,50.042,28.9,78.3,35.2,201,0
2026-07-12 07:00:00,6634.1,1910.1,4724.0,49.985,29.4,83.3,36.6,175,0
2026-07-12 08:00:00,6849.7,1914.0,4935.7,50.023,30.3,79.0,37.5,154,0
2026-07-12 09:00:00,8095.8,2304.1,5791.7,50.024,33.7,68.8,41.4,146,0
2026-07-12 10:00:00,7979.1,2321.5,5657.6,50.088,32.3,69.4,39.4,129,0
2026-07-12 11:00:00,8380.6,2402.0,5978.6,50.001,34.7,65.5,42.6,124,0
2026-07-12 12:00:00,8902.4,2589.9,6312.5,50.006,35.3,65.3,43.6,97,1
2026-07-12 13:00:00,8219.0,2302.4,5916.6,49.995,34.2,57.2,40.3,126,0
2026-07-12 14:00:00,8944.3,2533.5,6410.8,49.982,37.0,59.2,45.2,101,1
2026-07-12 15:00:00,9330.8,2699.2,6631.6,49.892,37.8,56.0,45.9,125,1
2026-07-12 16:00:00,8771.1,2452.6,6318.5,50.046,36.7,57.4,44.3,98,0
2026-07-12 17:00:00,9788.4,2813.2,6975.2,49.822,35.5,59.6,42.9,125,1
2026-07-12 18:00:00,10719.8,3015.1,7704.7,49.72,35.9,57.4,43.0,134,1
2026-07-12 19:00:00,10689.0,3071.8,7617.2,49.72,34.7,65.0,42.5,151,1
2026-07-12 20:00:00,10701.3,3044.6,7656.7,49.72,33.5,67.4,41.0,170,1
2026-07-12 21:00:00,10147.7,2870.7,7277.0,49.776,32.9,71.6,40.7,141,1
2026-07-12 22:00:00,7550.4,2172.4,5378.0,50.002,31.1,76.5,38.5,198,0
2026-07-12 23:00:00,6952.1,1959.9,4992.2,50.034,30.3,81.3,37.9,184,0
2026-07-13 00:00:00,5988.6,1706.0,4282.6,50.001,29.1,88.1,36.8,204,0
2026-07-13 01:00:00,5907.2,1721.6,4185.6,50.061,28.7,80.1,35.1,197,0
2026-07-13 02:00:00,6218.2,1735.1,4483.1,50.017,27.6,86.0,34.0,216,0
2026-07-13 03:00:00,6113.5,1634.2,4479.3,50.03,28.3,88.5,35.5,215,0
2026-07-13 04:00:00,5379.4,1527.6,3851.8,50.039,27.1,81.0,32.7,215,0
2026-07-13 05:00:00,6744.6,1925.2,4819.4,49.962,29.4,88.9,37.4,223,0
2026-07-13 06:00:00,6499.2,1857.2,4642.0,50.027,28.6,80.1,34.9,220,0
2026-07-13 07:00:00,7146.0,2006.9,5139.1,49.97,29.8,84.6,37.4,164,0
2026-07-13 08:00:00,7256.3,2011.8,5244.5,50.008,30.3,75.8,37.1,153,0
2026-07-13 09:00:00,7520.7,2131.0,5389.7,49.987,30.8,74.3,37.6,147,0
2026-07-13 10:00:00,8762.3,2490.9,6271.4,50.03,33.4,72.1,41.6,104,0
2026-07-13 11:00:00,8717.1,2527.4,6189.7,50.011,34.4,62.2,41.6,116,0
2026-07-13 12:00:00,9262.3,2567.6,6694.7,49.879,36.7,61.2,45.1,101,1
2026-07-13 13:00:00,9574.5,2709.4,6865.1,49.867,36.1,60.5,44.0,83,1
2026-07-13 14:00:00,9650.5,2664.3,6986.2,49.838,37.6,60.2,46.5,100,1
2026-07-13 15:00:00,9220.9,2619.0,6601.9,49.904,36.3,54.0,43.1,104,1
2026-07-13 16:00:00,9548.9,2717.5,6831.4,49.868,36.5,58.8,44.3,96,1
2026-07-13 17:00:00,10800.0,3053.5,7746.5,49.72,36.5,59.7,44.4,135,1
2026-07-13 18:00:00,10796.5,3071.9,7724.6,49.72,34.3,61.7,41.2,132,1
2026-07-13 19:00:00,10800.0,3128.6,7671.4,49.72,33.8,64.8,41.0,148,1
2026-07-13 20:00:00,10800.0,3030.3,7769.7,49.72,33.9,69.4,42.0,150,1
2026-07-13 21:00:00,10685.5,3056.9,7628.6,49.72,32.8,70.0,40.2,195,1
2026-07-13 22:00:00,7831.0,2284.0,5547.0,49.96,30.7,78.3,38.1,199,0
2026-07-13 23:00:00,7277.7,2029.9,5247.8,50.004,30.6,82.9,38.5,182,0
2026-07-14 00:00:00,6174.0,1737.1,4436.9,50.004,28.6,84.9,35.5,227,0
2026-07-14 01:00:00,6040.4,1672.1,4368.3,49.992,26.8,82.6,32.3,227,0
2026-07-14 02:00:00,6078.7,1713.5,4365.2,50.01,27.6,87.3,34.3,202,0
2026-07-14 03:00:00,5762.4,1638.8,4123.6,49.999,27.9,87.0,34.7,206,0
2026-07-14 04:00:00,5359.8,1555.4,3804.4,50.0,27.4,91.3,34.4,216,0
2026-07-14 05:00:00,6446.0,1774.3,4671.7,49.976,29.0,86.1,36.4,197,0
2026-07-14 06:00:00,6773.9,1956.1,4817.8,50.025,27.9,83.0,34.1,213,0
2026-07-14 07:00:00,6474.9,1838.6,4636.3,49.996,28.3,77.9,34.2,162,0
2026-07-14 08:00:00,7194.4,2133.4,5061.0,49.982,29.3,78.1,35.7,143,0
2026-07-14 09:00:00,7854.9,2189.5,5665.4,50.025,30.0,71.1,35.9,162,0
2026-07-14 10:00:00,8189.7,2344.2,5845.5,50.024,32.8,67.8,39.9,172,0
2026-07-14 11:00:00,9047.6,2589.3,6458.3,50.0,35.1,64.8,43.2,125,1
2026-07-14 12:00:00,9228.9,2675.3,6553.6,49.915,35.7,60.3,43.2,118,1
2026-07-14 13:00:00,8935.9,2522.9,6413.0,50.051,34.5,62.8,41.8,93,1
2026-07-14 14:00:00,9255.0,2635.5,6619.5,49.917,34.6,66.9,42.8,120,1
2026-07-14 15:00:00,9533.6,2709.2,6824.4,49.867,36.9,58.9,45.0,115,1
2026-07-14 16:00:00,8754.9,2521.4,6233.5,50.016,36.2,60.9,44.2,121,0
2026-07-14 17:00:00,10747.6,3032.2,7715.4,49.72,35.9,57.8,43.1,137,1
2026-07-14 18:00:00,10800.0,3116.1,7683.9,49.72,34.4,57.3,40.6,123,1
2026-07-14 19:00:00,10800.0,3110.0,7690.0,49.72,34.8,66.0,42.9,136,1
2026-07-14 20:00:00,10800.0,3076.9,7723.1,49.72,34.1,70.2,42.5,165,1
2026-07-14 21:00:00,10404.0,2933.4,7470.6,49.733,31.9,69.8,38.7,164,1
2026-07-14 22:00:00,7551.9,2178.6,5373.3,50.038,29.3,76.5,35.6,187,0
2026-07-14 23:00:00,6527.5,1893.5,4634.0,50.004,28.5,77.2,34.3,187,0
2026-07-15 00:00:00,5501.8,1570.4,3931.4,50.018,28.6,76.6,34.5,217,0
2026-07-15 01:00:00,6208.1,1841.3,4366.8,50.047,29.2,81.1,36.0,167,0
2026-07-15 02:00:00,5918.1,1705.7,4212.4,50.025,27.8,85.0,34.3,227,0
2026-07-15 03:00:00,6005.5,1710.6,4294.9,49.957,28.3,95.0,36.4,219,0
2026-07-15 04:00:00,5176.0,1442.3,3733.7,50.044,27.1,85.3,33.2,199,0
2026-07-15 05:00:00,6110.3,1774.4,4335.9,49.984,28.1,85.0,34.7,193,0
2026-07-15 06:00:00,6192.1,1745.7,4446.4,50.036,28.3,81.7,34.6,167,0
2026-07-15 07:00:00,7053.8,2026.0,5027.8,50.007,30.0,80.1,37.1,186,0
2026-07-15 08:00:00,7500.6,2194.6,5306.0,50.038,31.0,74.1,38.0,123,0
2026-07-15 09:00:00,8377.2,2362.8,6014.4,50.001,32.8,75.7,41.1,147,0
2026-07-15 10:00:00,8713.4,2483.3,6230.1,50.028,33.7,71.7,42.0,130,0
2026-07-15 11:00:00,8178.4,2310.5,5867.9,50.006,33.1,57.6,38.7,112,0
2026-07-15 12:00:00,9225.1,2654.0,6571.1,49.893,34.8,65.8,42.9,117,1
2026-07-15 13:00:00,9327.6,2596.2,6731.4,49.917,36.7,58.8,44.7,116,1
2026-07-15 14:00:00,9573.0,2680.7,6892.3,49.897,36.6,54.8,43.7,91,1
2026-07-15 15:00:00,9326.8,2636.4,6690.4,49.898,35.8,58.9,43.1,101,1
2026-07-15 16:00:00,9037.4,2566.5,6470.9,49.98,36.4,54.5,43.2,123,1
2026-07-15 17:00:00,10218.2,2911.4,7306.8,49.762,33.8,58.4,40.0,157,1
2026-07-15 18:00:00,10800.0,3106.6,7693.4,49.72,35.2,63.0,43.0,114,1
2026-07-15 19:00:00,10800.0,3063.8,7736.2,49.72,34.6,64.6,42.3,155,1
2026-07-15 20:00:00,10800.0,3084.6,7715.4,49.72,33.2,72.8,41.4,141,1
2026-07-15 21:00:00,10800.0,3014.0,7786.0,49.72,32.1,72.7,39.6,170,1
2026-07-15 22:00:00,8227.3,2345.6,5881.7,50.017,30.8,71.0,37.1,184,0
2026-07-15 23:00:00,6739.7,1972.1,4767.6,50.027,28.7,77.7,34.8,193,0
2026-07-16 00:00:00,5887.5,1741.2,4146.3,49.98,27.9,83.3,34.2,215,0
2026-07-16 01:00:00,5919.8,1726.6,4193.2,50.008,27.5,81.2,33.2,209,0
2026-07-16 02:00:00,6310.4,1734.2,4576.2,50.016,27.4,86.9,33.8,202,0
2026-07-16 03:00:00,6043.1,1715.1,4328.0,50.051,29.1,87.0,36.7,210,0
2026-07-16 04:00:00,4870.3,1370.9,3499.4,50.028,25.9,91.1,31.9,186,0
2026-07-16 05:00:00,5662.3,1621.4,4040.9,49.99,26.8,86.4,32.9,229,0
2026-07-16 06:00:00,6671.8,1973.6,4698.2,50.004,29.2,82.7,36.1,177,0
2026-07-16 07:00:00,7137.3,2093.5,5043.8,50.021,30.3,75.6,37.1,159,0
2026-07-16 08:00:00,7554.2,2188.2,5366.0,49.996,30.6,75.9,37.5,141,0
2026-07-16 09:00:00,7950.8,2350.0,5600.8,50.003,31.6,72.8,38.8,139,0
2026-07-16 10:00:00,8407.2,2370.1,6037.1,50.05,32.9,66.2,39.7,143,0
2026-07-16 11:00:00,9307.5,2625.3,6682.2,49.92,35.4,62.7,43.2,93,1
2026-07-16 12:00:00,8937.0,2547.6,6389.4,49.981,33.6,64.1,40.6,94,1
2026-07-16 13:00:00,9393.1,2756.1,6637.0,49.86,35.6,61.1,43.2,108,1
2026-07-16 14:00:00,9491.3,2697.5,6793.8,49.895,37.6,57.8,46.0,91,1
2026-07-16 15:00:00,9461.2,2646.4,6814.8,49.888,36.4,61.5,44.7,85,1
2026-07-16 16:00:00,9397.0,2695.6,6701.4,49.899,37.1,56.2,44.7,73,1
2026-07-16 17:00:00,10800.0,3006.9,7793.1,49.72,36.9,55.8,44.3,131,1
2026-07-16 18:00:00,10800.0,3051.0,7749.0,49.72,34.8,61.1,41.9,137,1
2026-07-16 19:00:00,10733.1,3085.6,7647.5,49.72,33.4,61.2,39.7,155,1
2026-07-16 20:00:00,10485.5,2969.8,7515.7,49.736,31.8,66.1,38.0,177,0
2026-07-16 21:00:00,10800.0,3147.6,7652.4,49.72,32.6,71.2,40.2,165,1
2026-07-16 22:00:00,8105.6,2326.8,5778.8,50.052,30.9,73.5,37.7,175,0
2026-07-16 23:00:00,7023.1,1986.2,5036.9,50.018,30.3,75.0,36.9,214,0
2026-07-17 00:00:00,6501.3,1874.3,4627.0,50.037,30.4,91.9,39.6,216,0
2026-07-17 01:00:00,6229.5,1802.0,4427.5,50.023,27.8,90.4,35.0,216,0
2026-07-17 02:00:00,5944.4,1711.7,4232.7,50.033,28.3,84.6,35.0,206,0
2026-07-17 03:00:00,6007.4,1668.4,4339.0,49.998,27.9,92.0,35.2,213,0
2026-07-17 04:00:00,5511.4,1510.0,4001.4,49.999,28.2,89.0,35.4,203,0
2026-07-17 05:00:00,6359.0,1812.6,4546.4,49.99,28.8,86.7,36.1,206,0
2026-07-17 06:00:00,6621.5,1801.0,4820.5,50.043,29.4,83.9,36.7,194,0
2026-07-17 07:00:00,6778.1,1974.2,4803.9,50.029,29.4,76.9,35.7,184,0
2026-07-17 08:00:00,7602.3,2151.9,5450.4,50.014,31.4,71.8,38.2,178,0
2026-07-17 09:00:00,7459.1,2065.0,5394.1,50.043,30.6,73.2,37.1,130,0
2026-07-17 10:00:00,8246.7,2305.6,5941.1,50.047,32.7,72.7,40.5,124,0
2026-07-17 11:00:00,8891.7,2578.8,6312.9,50.053,34.1,62.9,41.2,123,0
2026-07-17 12:00:00,8992.7,2524.4,6468.3,49.981,34.9,57.4,41.4,106,1
2026-07-17 13:00:00,9240.3,2624.3,6616.0,49.895,36.2,58.9,43.8,107,1
2026-07-17 14:00:00,9501.5,2648.1,6853.4,49.862,37.1,60.6,45.6,77,1
2026-07-17 15:00:00,9007.9,2575.5,6432.4,50.012,36.4,52.7,43.0,93,1
2026-07-17 16:00:00,9035.3,2642.0,6393.3,50.05,35.8,58.0,43.0,104,1
2026-07-17 17:00:00,10215.2,2944.1,7271.1,49.798,34.9,61.5,42.1,133,1
2026-07-17 18:00:00,10799.7,3100.0,7699.7,49.72,34.3,58.6,40.7,147,1
2026-07-17 19:00:00,10800.0,3068.8,7731.2,49.72,34.6,60.5,41.5,161,1
2026-07-17 20:00:00,10779.4,3117.1,7662.3,49.72,31.9,69.7,38.8,168,1
2026-07-17 21:00:00,10528.4,3009.6,7518.8,49.72,32.5,68.9,39.5,173,1
2026-07-17 22:00:00,7791.8,2290.6,5501.2,50.051,30.7,78.4,38.1,180,0
2026-07-17 23:00:00,6912.0,1981.7,4930.3,50.003,28.7,81.6,35.3,191,0
2026-07-18 00:00:00,5050.3,1436.7,3613.6,49.989,28.2,80.5,34.3,193,0
2026-07-18 01:00:00,5892.3,1699.3,4193.0,50.024,28.6,89.5,36.2,204,0
2026-07-18 02:00:00,5452.9,1588.8,3864.1,50.037,27.7,88.7,34.6,222,0
2026-07-18 03:00:00,5115.2,1500.8,3614.4,50.081,26.9,87.1,33.0,223,0
2026-07-18 04:00:00,4858.8,1375.5,3483.3,50.054,27.0,82.3,32.7,212,0
2026-07-18 05:00:00,5695.1,1702.8,3992.3,49.987,27.0,87.1,33.3,189,0
2026-07-18 06:00:00,5954.6,1698.1,4256.5,49.952,28.4,85.2,35.2,181,0
2026-07-18 07:00:00,6702.0,1859.8,4842.2,50.034,29.7,77.4,36.4,166,0
2026-07-18 08:00:00,6969.5,2009.1,4960.4,50.039,30.6,75.0,37.5,171,0
2026-07-18 09:00:00,7227.8,2177.9,5049.9,50.047,31.7,70.2,38.5,129,0
2026-07-18 10:00:00,7708.4,2218.8,5489.6,50.002,32.1,64.2,38.2,139,0
2026-07-18 11:00:00,7895.9,2241.1,5654.8,49.984,34.1,65.5,41.7,122,0
2026-07-18 12:00:00,8792.9,2542.8,6250.1,50.024,35.3,70.3,44.6,117,0
2026-07-18 13:00:00,8652.1,2484.8,6167.3,49.982,36.2,60.8,44.3,137,0
2026-07-18 14:00:00,8753.2,2533.7,6219.5,50.038,36.8,54.8,44.0,98,0
2026-07-18 15:00:00,8272.1,2348.9,5923.2,50.001,35.5,57.2,42.4,96,0
2026-07-18 16:00:00,9089.3,2631.3,6458.0,50.073,38.3,58.8,47.3,91,1
2026-07-18 17:00:00,9493.1,2670.8,6822.3,49.887,34.6,53.4,40.3,149,1
2026-07-18 18:00:00,9939.5,2792.2,7147.3,49.811,33.1,61.4,39.3,137,1
2026-07-18 19:00:00,10232.4,2876.4,7356.0,49.778,33.5,65.3,40.6,132,1
2026-07-18 20:00:00,10193.6,2893.2,7300.4,49.77,33.9,67.4,41.5,160,1
2026-07-18 21:00:00,10472.4,2995.9,7476.5,49.764,34.1,68.7,42.2,196,1
2026-07-18 22:00:00,7829.7,2275.3,5554.4,49.991,31.1,77.0,38.6,186,0
2026-07-18 23:00:00,6270.6,1836.6,4434.0,49.996,28.7,78.9,34.9,186,0
2026-07-19 00:00:00,5088.3,1425.9,3662.4,50.016,28.8,82.8,35.6,220,0
2026-07-19 01:00:00,5876.2,1649.3,4226.9,49.974,29.1,83.5,36.1,184,0
2026-07-19 02:00:00,5021.0,1466.9,3554.1,50.048,27.2,85.9,33.3,205,0
2026-07-19 03:00:00,5328.0,1542.4,3785.6,50.03,28.0,83.6,34.4,210,0
2026-07-19 04:00:00,5091.0,1479.1,3611.9,50.034,27.1,86.7,33.3,214,0
2026-07-19 05:00:00,5624.3,1659.0,3965.3,50.031,28.2,89.2,35.4,205,0
2026-07-19 06:00:00,6021.2,1723.9,4297.3,50.019,28.5,81.2,34.8,191,0
2026-07-19 07:00:00,7095.4,1980.9,5114.5,50.022,31.1,82.7,39.4,177,0
2026-07-19 08:00:00,7235.3,2018.5,5216.8,49.986,32.3,75.2,40.2,147,0
2026-07-19 09:00:00,7472.1,2093.2,5378.9,50.056,31.7,67.8,38.1,145,0
2026-07-19 10:00:00,8335.4,2331.9,6003.5,50.037,33.6,71.2,41.7,122,0
2026-07-19 11:00:00,8216.2,2365.5,5850.7,49.982,34.4,66.2,42.2,103,0
2026-07-19 12:00:00,8293.2,2385.7,5907.5,50.029,35.6,57.3,42.5,125,0
2026-07-19 13:00:00,8521.4,2388.2,6133.2,49.951,35.3,60.8,42.8,110,0
2026-07-19 14:00:00,8653.9,2493.5,6160.4,50.001,36.6,52.8,43.3,106,0
2026-07-19 15:00:00,8808.4,2529.2,6279.2,49.964,36.2,59.2,43.9,111,0
2026-07-19 16:00:00,8805.7,2508.1,6297.6,50.006,37.0,59.3,45.2,97,0
2026-07-19 17:00:00,9882.1,2841.3,7040.8,49.844,36.2,63.3,44.6,137,1
2026-07-19 18:00:00,10677.7,3053.1,7624.6,49.72,35.5,64.7,43.8,162,1
2026-07-19 19:00:00,10791.2,3042.7,7748.5,49.72,34.4,64.6,41.9,140,1
2026-07-19 20:00:00,9905.3,2848.0,7057.3,49.832,33.6,63.9,40.5,165,1
2026-07-19 21:00:00,9646.0,2706.7,6939.3,49.883,31.5,72.4,38.5,203,1
2026-07-19 22:00:00,8217.8,2312.4,5905.4,49.995,32.4,75.9,40.5,202,0
2026-07-19 23:00:00,6858.5,2034.2,4824.3,49.994,30.7,84.6,39.0,207,0
2026-07-20 00:00:00,6054.4,1742.1,4312.3,50.024,28.5,83.6,35.3,230,0
2026-07-20 01:00:00,5963.2,1709.2,4254.0,49.975,28.1,86.7,35.0,175,0
2026-07-20 02:00:00,6479.0,1827.9,4651.1,50.005,28.0,85.9,34.6,241,0
2026-07-20 03:00:00,5525.7,1529.6,3996.1,50.029,27.4,85.6,33.7,216,0
2026-07-20 04:00:00,5360.1,1537.8,3822.3,50.035,28.2,84.1,34.7,221,0
2026-07-20 05:00:00,6060.8,1719.1,4341.7,49.988,28.1,86.4,34.9,191,0
2026-07-20 06:00:00,6310.0,1788.1,4521.9,50.003,28.7,78.0,34.8,180,0
2026-07-20 07:00:00,6916.0,1922.9,4993.1,49.979,29.7,80.9,36.8,187,0
2026-07-20 08:00:00,7151.8,2020.0,5131.8,50.015,30.4,74.8,37.2,148,0
2026-07-20 09:00:00,7956.5,2266.4,5690.1,49.985,32.5,70.3,39.8,139,0
2026-07-20 10:00:00,8593.6,2456.5,6137.1,50.091,33.6,62.8,40.4,127,0
2026-07-20 11:00:00,8547.2,2432.7,6114.5,49.985,34.5,61.5,41.6,119,0
2026-07-20 12:00:00,9164.6,2681.5,6483.1,50.0,35.9,59.7,43.5,110,1
2026-07-20 13:00:00,9845.4,2821.7,7023.7,49.785,37.4,61.5,46.3,114,1
2026-07-20 14:00:00,9148.5,2605.2,6543.3,50.061,36.1,60.0,43.9,104,1
2026-07-20 15:00:00,9534.5,2649.2,6885.3,49.851,37.5,56.8,45.5,121,1
2026-07-20 16:00:00,9464.2,2773.5,6690.7,49.913,37.6,56.7,45.7,108,1
2026-07-20 17:00:00,10798.0,3136.5,7661.5,49.72,37.7,58.5,46.2,125,1
2026-07-20 18:00:00,10800.0,3053.7,7746.3,49.72,35.4,58.1,42.3,123,1
2026-07-20 19:00:00,10800.0,3126.7,7673.3,49.72,33.8,67.0,41.4,129,1
2026-07-20 20:00:00,10800.0,3056.8,7743.2,49.72,32.6,67.4,39.5,177,1
2026-07-20 21:00:00,10284.0,2897.4,7386.6,49.74,31.1,74.0,38.1,180,1
2026-07-20 22:00:00,8333.9,2291.7,6042.2,49.992,31.3,79.6,39.2,177,0
2026-07-20 23:00:00,6877.1,1971.7,4905.4,50.004,29.7,76.8,36.3,184,0
2026-07-21 00:00:00,5345.4,1413.5,3931.9,49.995,27.0,76.2,32.0,198,0
2026-07-21 01:00:00,6110.2,1747.1,4363.1,49.946,27.7,89.2,34.6,207,0
2026-07-21 02:00:00,6940.9,1894.8,5046.1,50.062,28.3,87.1,35.3,222,0
2026-07-21 03:00:00,5570.3,1564.8,4005.5,50.02,27.3,87.9,33.7,212,0
2026-07-21 04:00:00,4849.1,1364.0,3485.1,50.048,26.4,88.7,32.5,201,0
2026-07-21 05:00:00,6108.9,1768.5,4340.4,50.065,27.7,86.1,34.2,187,0
2026-07-21 06:00:00,6760.4,1898.0,4862.4,50.032,28.7,84.6,35.6,188,0
2026-07-21 07:00:00,6990.5,1987.6,5002.9,50.016,29.6,79.3,36.4,175,0
2026-07-21 08:00:00,7836.8,2197.9,5638.9,50.039,32.1,78.8,40.5,173,0
2026-07-21 09:00:00,8299.5,2299.8,5999.7,49.998,32.7,76.4,41.1,136,0
2026-07-21 10:00:00,8702.6,2493.2,6209.4,49.976,34.0,66.7,41.6,142,0
2026-07-21 11:00:00,8349.1,2427.7,5921.4,50.033,34.3,55.5,40.2,118,0
2026-07-21 12:00:00,9689.3,2798.7,6890.6,49.842,35.6,66.0,44.1,98,1
2026-07-21 13:00:00,9330.4,2638.0,6692.4,49.879,36.8,55.7,44.2,94,1
2026-07-21 14:00:00,9507.6,2636.8,6870.8,49.879,37.3,56.7,45.2,110,1
2026-07-21 15:00:00,9304.5,2688.2,6616.3,49.906,35.0,56.8,41.5,86,1
2026-07-21 16:00:00,9433.2,2699.0,6734.2,49.91,37.4,55.0,44.9,120,1
2026-07-21 17:00:00,10625.7,3023.4,7602.3,49.72,36.5,59.9,44.5,96,1
2026-07-21 18:00:00,10800.0,3080.9,7719.1,49.72,34.3,68.6,42.5,155,1
2026-07-21 19:00:00,10800.0,3091.4,7708.6,49.72,33.5,64.7,40.5,149,1
2026-07-21 20:00:00,10800.0,3100.3,7699.7,49.72,31.6,65.5,37.7,153,0
2026-07-21 21:00:00,10453.2,2975.4,7477.8,49.759,32.4,67.4,39.2,190,1
2026-07-21 22:00:00,7878.7,2184.7,5694.0,49.925,29.8,71.7,35.7,178,0
2026-07-21 23:00:00,7034.4,1988.4,5046.0,50.045,29.4,81.2,36.3,216,0
2026-07-22 00:00:00,5554.8,1562.7,3992.1,50.011,27.3,81.4,33.1,210,0
2026-07-22 01:00:00,5496.3,1568.8,3927.5,50.023,26.1,83.0,31.4,219,0
2026-07-22 02:00:00,5886.5,1702.1,4184.4,50.015,27.4,87.0,33.8,200,0
2026-07-22 03:00:00,5251.1,1542.9,3708.2,50.0,27.0,87.7,33.3,223,0
2026-07-22 04:00:00,5304.4,1500.2,3804.2,49.986,28.0,90.1,35.2,187,0
2026-07-22 05:00:00,6417.6,1780.9,4636.7,49.998,29.5,82.4,36.7,190,0
2026-07-22 06:00:00,6464.7,1781.9,4682.8,50.02,29.1,81.6,35.9,186,0
2026-07-22 07:00:00,7486.4,2082.9,5403.5,50.061,31.2,79.6,39.0,177,0
2026-07-22 08:00:00,7996.0,2309.9,5686.1,50.027,31.0,80.8,38.9,149,0
2026-07-22 09:00:00,8096.7,2228.9,5867.8,49.976,32.2,71.3,39.4,163,0
2026-07-22 10:00:00,8770.9,2421.7,6349.2,50.014,33.0,69.0,40.4,131,0
2026-07-22 11:00:00,8640.1,2427.9,6212.2,50.048,32.8,66.8,39.7,119,0
2026-07-22 12:00:00,9516.2,2683.9,6832.3,49.89,36.0,63.1,44.4,110,1
2026-07-22 13:00:00,9830.0,2749.8,7080.2,49.837,37.2,62.2,46.2,95,1
2026-07-22 14:00:00,9240.4,2621.5,6618.9,49.89,36.7,51.9,43.2,87,1
2026-07-22 15:00:00,9314.9,2696.7,6618.2,49.936,36.8,57.8,44.6,103,1
2026-07-22 16:00:00,8995.2,2558.1,6437.1,50.032,36.0,55.7,42.8,119,1
2026-07-22 17:00:00,10263.5,2921.5,7342.0,49.76,34.4,63.0,41.6,122,1
2026-07-22 18:00:00,10800.0,3116.1,7683.9,49.72,33.8,65.9,41.2,133,1
2026-07-22 19:00:00,10800.0,3074.0,7726.0,49.72,34.6,63.7,42.2,158,1
2026-07-22 20:00:00,10800.0,3073.6,7726.4,49.72,33.5,69.5,41.3,149,1
2026-07-22 21:00:00,10600.7,2979.7,7621.0,49.72,32.7,70.9,40.2,130,1
2026-07-22 22:00:00,7952.7,2242.3,5710.4,50.024,29.8,76.2,36.4,207,0
2026-07-22 23:00:00,6597.7,1864.8,4732.9,50.015,29.4,77.4,35.8,181,0
2026-07-23 00:00:00,5883.0,1624.0,4259.0,50.033,28.7,81.4,35.3,193,0
2026-07-23 01:00:00,5673.2,1655.9,4017.3,50.025,27.3,82.7,33.2,191,0
2026-07-23 02:00:00,6153.6,1722.6,4431.0,50.05,28.4,88.1,35.7,198,0
2026-07-23 03:00:00,5871.9,1657.1,4214.8,50.031,26.5,89.7,32.8,226,0
2026-07-23 04:00:00,5363.5,1557.1,3806.4,49.954,29.5,84.6,36.9,184,0
2026-07-23 05:00:00,6136.4,1757.8,4378.6,50.048,27.8,86.3,34.4,201,0
2026-07-23 06:00:00,6406.6,1861.9,4544.7,50.024,28.1,80.6,34.1,175,0
2026-07-23 07:00:00,7497.2,2166.1,5331.1,50.063,30.7,76.0,37.7,199,0
2026-07-23 08:00:00,7264.6,2028.4,5236.2,50.033,29.5,74.3,35.6,148,0
2026-07-23 09:00:00,8208.8,2305.6,5903.2,50.047,33.1,74.1,41.4,150,0
2026-07-23 10:00:00,8362.0,2340.3,6021.7,50.067,33.8,68.0,41.5,126,0
2026-07-23 11:00:00,8404.2,2402.6,6001.6,50.038,33.2,65.1,40.1,136,0
2026-07-23 12:00:00,9588.2,2725.7,6862.5,49.877,35.2,70.0,44.3,87,1
2026-07-23 13:00:00,8997.8,2588.5,6409.3,50.019,36.3,56.8,43.5,110,1
2026-07-23 14:00:00,9643.7,2713.2,6930.5,49.839,36.9,60.7,45.3,110,1
2026-07-23 15:00:00,9748.1,2742.0,7006.1,49.861,37.4,61.3,46.4,103,1
2026-07-23 16:00:00,9479.3,2710.8,6768.5,49.891,36.9,63.3,45.9,99,1
2026-07-23 17:00:00,10621.5,2990.5,7631.0,49.734,35.7,56.4,42.6,134,1
2026-07-23 18:00:00,10800.0,3043.5,7756.5,49.72,36.1,61.8,44.3,133,1
2026-07-23 19:00:00,10800.0,3064.8,7735.2,49.72,32.5,67.1,39.3,122,1
2026-07-23 20:00:00,10471.6,3035.5,7436.1,49.736,32.7,67.3,39.6,181,1
2026-07-23 21:00:00,10089.1,2829.3,7259.8,49.809,31.0,68.8,37.2,199,0
2026-07-23 22:00:00,7905.1,2297.0,5608.1,50.042,31.1,73.1,38.0,190,0
2026-07-23 23:00:00,7343.0,2045.5,5297.5,50.023,30.2,80.6,37.5,225,0
2026-07-24 00:00:00,6296.4,1792.3,4504.1,49.981,30.5,79.6,37.9,202,0
2026-07-24 01:00:00,6318.3,1738.8,4579.5,50.018,29.0,92.0,37.1,216,0
2026-07-24 02:00:00,6186.7,1719.5,4467.2,50.035,28.5,87.9,35.8,214,0
2026-07-24 03:00:00,5973.4,1758.4,4215.0,49.97,28.2,82.4,34.6,236,0
2026-07-24 04:00:00,5406.4,1569.1,3837.3,50.003,26.6,86.0,32.4,215,0
2026-07-24 05:00:00,6204.0,1756.8,4447.2,50.058,27.3,88.7,33.9,184,0
2026-07-24 06:00:00,6565.6,1888.3,4677.3,50.012,29.4,82.2,36.4,179,0
2026-07-24 07:00:00,6472.8,1863.1,4609.7,49.981,29.3,79.0,35.8,175,0
2026-07-24 08:00:00,6915.4,1942.5,4972.9,50.069,29.9,70.8,35.7,133,0
2026-07-24 09:00:00,7968.2,2267.8,5700.4,49.974,31.6,72.5,38.7,151,0
2026-07-24 10:00:00,8843.1,2509.1,6334.0,49.981,34.3,73.5,43.4,107,0
2026-07-24 11:00:00,9137.5,2612.7,6524.8,50.041,34.7,62.3,42.0,153,1
2026-07-24 12:00:00,9331.7,2694.0,6637.7,49.903,36.1,59.7,43.8,100,1
2026-07-24 13:00:00,8901.2,2615.8,6285.4,49.968,34.6,56.6,40.9,105,1
2026-07-24 14:00:00,9557.8,2743.6,6814.2,49.878,36.8,62.0,45.4,139,1
2026-07-24 15:00:00,8920.4,2569.6,6350.8,50.014,36.7,56.7,44.1,113,1
2026-07-24 16:00:00,9292.1,2727.9,6564.2,49.89,36.2,63.7,44.7,102,1
2026-07-24 17:00:00,10527.0,2948.5,7578.5,49.72,35.5,58.6,42.6,133,1
2026-07-24 18:00:00,10800.0,3007.0,7793.0,49.72,34.7,61.2,41.8,138,1
2026-07-24 19:00:00,10800.0,3096.7,7703.3,49.72,34.5,68.7,42.8,152,1
2026-07-24 20:00:00,10800.0,3100.9,7699.1,49.72,33.6,67.8,41.2,194,1
2026-07-24 21:00:00,10162.7,2902.0,7260.7,49.807,31.0,72.9,37.7,176,0
2026-07-24 22:00:00,7986.6,2260.7,5725.9,49.998,31.4,72.5,38.3,185,0
2026-07-24 23:00:00,6824.7,1827.8,4996.9,50.072,29.4,75.7,35.6,196,0
2026-07-25 00:00:00,5444.9,1619.6,3825.3,50.067,29.7,81.5,36.9,207,0
2026-07-25 01:00:00,5507.3,1553.1,3954.2,50.014,28.2,88.1,35.3,215,0
2026-07-25 02:00:00,5464.2,1559.4,3904.8,49.978,27.3,85.8,33.5,213,0
2026-07-25 03:00:00,4723.2,1392.3,3330.9,50.052,26.9,83.1,32.6,227,0
2026-07-25 04:00:00,4709.3,1301.7,3407.6,49.995,27.4,78.7,32.9,202,0
2026-07-25 05:00:00,5682.8,1606.5,4076.3,50.004,29.3,87.0,37.0,185,0
2026-07-25 06:00:00,6490.4,1882.4,4608.0,50.009,29.2,81.0,36.0,195,0
2026-07-25 07:00:00,6354.7,1812.9,4541.8,50.012,29.6,78.4,36.3,191,0
2026-07-25 08:00:00,6776.2,1951.2,4825.0,49.994,30.4,71.8,36.7,164,0
2026-07-25 09:00:00,7364.7,2116.3,5248.4,50.024,33.0,69.4,40.4,171,0
2026-07-25 10:00:00,7457.8,2145.6,5312.2,49.935,32.5,69.4,39.7,151,0
2026-07-25 11:00:00,8014.8,2276.3,5738.5,50.072,33.5,69.4,41.3,112,0
2026-07-25 12:00:00,8413.0,2393.6,6019.4,49.973,33.7,58.2,39.7,134,0
2026-07-25 13:00:00,9170.6,2611.7,6558.9,50.005,37.6,63.8,47.1,117,1
2026-07-25 14:00:00,8795.9,2561.9,6234.0,50.019,36.6,61.9,45.1,118,0
2026-07-25 15:00:00,9033.1,2553.2,6479.9,49.963,37.0,61.4,45.7,90,1
2026-07-25 16:00:00,8940.9,2573.8,6367.1,50.014,36.6,65.0,45.8,84,1
2026-07-25 17:00:00,9632.9,2657.8,6975.1,49.879,35.8,55.1,42.5,124,1
2026-07-25 18:00:00,10712.8,3062.1,7650.7,49.72,35.9,61.5,43.9,135,1
2026-07-25 19:00:00,10560.4,2958.9,7601.5,49.722,34.0,68.4,42.0,150,1
2026-07-25 20:00:00,9878.6,2900.4,6978.2,49.845,32.5,66.2,39.1,147,1
2026-07-25 21:00:00,9846.0,2778.3,7067.7,49.805,33.5,68.3,41.2,175,1
2026-07-25 22:00:00,7904.0,2344.8,5559.2,49.966,31.8,74.7,39.4,203,0
2026-07-25 23:00:00,7086.2,2033.0,5053.2,50.003,30.8,82.9,38.8,184,0
2026-07-26 00:00:00,5347.8,1555.4,3792.4,49.986,28.2,80.4,34.3,238,0
2026-07-26 01:00:00,5400.4,1540.5,3859.9,50.013,27.5,88.2,34.1,192,0
2026-07-26 02:00:00,5745.1,1597.9,4147.2,50.001,27.5,87.7,34.1,225,0
2026-07-26 03:00:00,5566.1,1507.2,4058.9,50.011,28.5,89.7,35.9,192,0
2026-07-26 04:00:00,5383.7,1472.7,3911.0,49.991,29.2,83.6,36.3,195,0
2026-07-26 05:00:00,5860.7,1687.2,4173.5,50.018,28.6,83.1,35.3,195,0
2026-07-26 06:00:00,6072.9,1710.9,4362.0,50.005,28.5,83.7,35.3,185,0
2026-07-26 07:00:00,6083.2,1744.0,4339.2,50.016,29.0,79.4,35.4,162,0
2026-07-26 08:00:00,7218.2,2075.0,5143.2,49.985,31.5,74.6,38.8,166,0
2026-07-26 09:00:00,7174.0,2051.0,5123.0,50.076,32.1,73.1,39.6,145,0
2026-07-26 10:00:00,7913.3,2303.0,5610.3,49.972,32.9,65.9,39.7,138,0
2026-07-26 11:00:00,8560.6,2481.0,6079.6,50.036,34.8,66.3,43.0,118,0
2026-07-26 12:00:00,8389.3,2393.9,5995.4,50.005,34.3,63.9,41.6,111,0
2026-07-26 13:00:00,8881.8,2538.5,6343.3,50.047,36.9,58.8,44.9,90,0
2026-07-26 14:00:00,8870.4,2579.1,6291.3,50.005,36.8,55.0,44.1,142,0
2026-07-26 15:00:00,9134.8,2638.3,6496.5,50.001,36.9,59.5,45.2,125,1
2026-07-26 16:00:00,8503.2,2466.0,6037.2,50.054,35.9,58.5,43.2,126,0
2026-07-26 17:00:00,9703.9,2744.6,6959.3,49.871,35.2,56.5,41.7,119,1
2026-07-26 18:00:00,10168.6,2909.3,7259.3,49.732,35.5,61.5,43.2,110,1
2026-07-26 19:00:00,10800.0,3070.7,7729.3,49.72,35.1,64.0,42.9,194,1
2026-07-26 20:00:00,10324.1,2917.5,7406.6,49.763,34.0,73.2,42.7,135,1
2026-07-26 21:00:00,9540.5,2753.4,6787.1,49.852,32.4,75.2,40.4,156,1
2026-07-26 22:00:00,7121.2,2011.2,5110.0,50.005,29.2,76.3,35.4,199,0
2026-07-26 23:00:00,6503.1,1866.3,4636.8,50.015,29.5,75.5,35.7,188,0
2026-07-27 00:00:00,5590.2,1650.4,3939.8,49.966,28.0,82.1,34.2,174,0
2026-07-27 01:00:00,5970.2,1673.8,4296.4,49.951,27.6,86.0,34.1,231,0
2026-07-27 02:00:00,6188.3,1776.6,4411.7,50.01,27.7,92.6,35.1,219,0
2026-07-27 03:00:00,5585.8,1552.9,4032.9,50.049,26.8,89.5,33.3,216,0
2026-07-27 04:00:00,5410.2,1510.6,3899.6,49.987,28.2,84.8,34.8,222,0
2026-07-27 05:00:00,5480.5,1478.9,4001.6,50.007,26.7,86.4,32.6,171,0
2026-07-27 06:00:00,6231.5,1794.6,4436.9,49.993,28.7,81.6,35.3,171,0
2026-07-27 07:00:00,7231.1,2084.3,5146.8,49.998,30.0,76.8,36.7,176,0
2026-07-27 08:00:00,7488.8,2127.7,5361.1,50.016,31.0,75.2,38.2,160,0
2026-07-27 09:00:00,7473.9,2081.4,5392.5,50.015,31.2,69.0,37.5,124,0
2026-07-27 10:00:00,8065.2,2324.8,5740.4,50.034,32.5,69.7,39.6,133,0
2026-07-27 11:00:00,8725.6,2436.2,6289.4,49.956,33.5,65.8,40.6,108,0
2026-07-27 12:00:00,8834.0,2501.7,6332.3,50.018,34.9,61.0,42.1,106,0
2026-07-27 13:00:00,9528.2,2668.5,6859.7,49.881,35.9,59.6,43.4,96,1
2026-07-27 14:00:00,9580.9,2772.0,6808.9,49.834,37.3,59.0,45.6,101,1
2026-07-27 15:00:00,9176.4,2576.6,6599.8,50.001,35.7,55.8,42.5,125,1
2026-07-27 16:00:00,8777.0,2565.8,6211.2,50.035,35.9,55.4,42.6,127,0
2026-07-27 17:00:00,10543.2,2983.8,7559.4,49.728,36.8,57.6,44.5,118,1
2026-07-27 18:00:00,10800.0,3022.2,7777.8,49.72,36.2,58.1,43.7,127,1
2026-07-27 19:00:00,10800.0,3077.7,7722.3,49.72,33.7,63.9,40.6,138,1
2026-07-27 20:00:00,10800.0,3083.6,7716.4,49.72,32.9,65.9,39.7,164,1
2026-07-27 21:00:00,9976.9,2813.8,7163.1,49.827,30.9,72.5,37.5,157,0
2026-07-27 22:00:00,8233.1,2358.5,5874.6,50.015,31.6,76.6,39.3,164,0
2026-07-27 23:00:00,6773.0,1842.5,4930.5,50.005,28.3,76.8,34.0,197,0
2026-07-28 00:00:00,6095.2,1705.1,4390.1,49.953,28.9,85.2,36.1,218,0
2026-07-28 01:00:00,6268.8,1803.8,4465.0,50.021,27.8,88.0,34.6,234,0
2026-07-28 02:00:00,5832.9,1727.0,4105.9,50.0,27.2,86.1,33.4,240,0
2026-07-28 03:00:00,5778.2,1590.2,4188.0,50.017,28.6,82.8,35.2,221,0
2026-07-28 04:00:00,5407.4,1537.6,3869.8,50.026,28.5,84.0,35.2,185,0
2026-07-28 05:00:00,6433.1,1819.6,4613.5,49.962,28.9,84.8,35.9,226,0
2026-07-28 06:00:00,6575.5,1826.9,4748.6,50.015,28.6,81.6,35.1,201,0
2026-07-28 07:00:00,7395.9,2110.2,5285.7,50.022,30.3,84.1,38.2,187,0
2026-07-28 08:00:00,7536.1,2163.0,5373.1,50.047,31.8,71.9,39.0,154,0
2026-07-28 09:00:00,7906.6,2274.9,5631.7,50.023,31.5,64.8,37.4,139,0
2026-07-28 10:00:00,8255.8,2440.3,5815.5,50.027,32.9,64.3,39.5,140,0
2026-07-28 11:00:00,8665.5,2514.3,6151.2,50.016,33.8,62.7,40.6,119,0
2026-07-28 12:00:00,9288.2,2622.8,6665.4,49.914,34.6,67.1,42.7,113,1
2026-07-28 13:00:00,9428.4,2671.2,6757.2,49.864,36.1,53.3,42.6,137,1
2026-07-28 14:00:00,9494.9,2726.3,6768.6,49.905,36.6,57.8,44.3,110,1
2026-07-28 15:00:00,9655.4,2877.9,6777.5,49.829,37.0,53.9,44.0,127,1
2026-07-28 16:00:00,8968.1,2632.9,6335.2,49.987,36.5,51.3,42.9,120,1
2026-07-28 17:00:00,10363.8,2871.1,7492.7,49.746,34.5,57.6,40.9,91,1
2026-07-28 18:00:00,10672.9,3007.2,7665.7,49.72,33.5,60.4,39.8,157,1
2026-07-28 19:00:00,10800.0,2969.8,7830.2,49.72,34.3,65.9,42.0,125,1
2026-07-28 20:00:00,10763.9,3028.3,7735.6,49.72,32.8,70.0,40.2,160,1
2026-07-28 21:00:00,10585.1,2996.0,7589.1,49.72,31.9,70.3,38.9,167,1
2026-07-28 22:00:00,8542.5,2407.5,6135.0,50.0,32.6,71.6,40.1,159,0
2026-07-28 23:00:00,7162.8,2075.9,5086.9,49.968,29.1,78.7,35.6,222,0
2026-07-29 00:00:00,5593.3,1614.8,3978.5,50.003,27.9,74.1,33.1,195,0
2026-07-29 01:00:00,6191.9,1700.0,4491.9,50.019,28.1,82.9,34.4,216,0
2026-07-29 02:00:00,6747.3,1918.8,4828.5,50.022,28.4,85.2,35.2,225,0
2026-07-29 03:00:00,5611.2,1558.4,4052.8,50.016,26.9,87.5,33.1,220,0
2026-07-29 04:00:00,5686.1,1650.5,4035.6,50.018,28.8,87.8,36.3,222,0
2026-07-29 05:00:00,5760.3,1649.3,4111.0,50.019,27.3,85.9,33.6,184,0
2026-07-29 06:00:00,6240.9,1717.1,4523.8,50.006,27.9,85.8,34.4,196,0
2026-07-29 07:00:00,6543.2,1849.3,4693.9,50.001,29.4,79.8,36.2,168,0
2026-07-29 08:00:00,7266.7,2123.4,5143.3,50.003,31.3,73.8,38.5,185,0
2026-07-29 09:00:00,8158.8,2281.3,5877.5,50.053,32.7,72.2,40.4,162,0
2026-07-29 10:00:00,8373.8,2410.4,5963.4,49.992,33.1,68.8,40.5,151,0
2026-07-29 11:00:00,8718.6,2538.8,6179.8,50.037,34.1,64.7,41.6,98,0
2026-07-29 12:00:00,9390.6,2668.3,6722.3,49.896,35.1,62.1,42.7,107,1
2026-07-29 13:00:00,9198.9,2686.9,6512.0,49.999,36.8,56.7,44.4,130,1
2026-07-29 14:00:00,8963.3,2530.2,6433.1,50.006,36.2,51.8,42.4,98,1
2026-07-29 15:00:00,9369.4,2635.0,6734.4,49.931,37.3,57.6,45.3,111,1
2026-07-29 16:00:00,9218.7,2670.1,6548.6,49.943,35.8,62.5,43.8,108,1
2026-07-29 17:00:00,10618.9,3062.0,7556.9,49.72,35.8,57.8,43.0,120,1
2026-07-29 18:00:00,10800.0,3017.2,7782.8,49.72,35.7,66.3,44.4,138,1
2026-07-29 19:00:00,10800.0,3075.6,7724.4,49.72,34.6,64.2,42.1,138,1
2026-07-29 20:00:00,10800.0,3099.1,7700.9,49.72,33.2,65.9,40.3,174,1
2026-07-29 21:00:00,10476.7,2975.1,7501.6,49.72,31.5,72.3,38.4,174,1
2026-07-29 22:00:00,7981.4,2314.2,5667.2,49.989,30.5,78.3,37.7,183,0
2026-07-29 23:00:00,6586.8,1870.2,4716.6,50.025,28.5,79.0,34.6,191,0
2026-07-30 00:00:00,5918.6,1697.9,4220.7,49.995,28.8,83.5,35.7,234,0
2026-07-30 01:00:00,5918.3,1780.7,4137.6,49.989,27.4,83.2,33.4,205,0
2026-07-30 02:00:00,6012.4,1764.9,4247.5,49.937,27.3,86.3,33.6,220,0
2026-07-30 03:00:00,5146.1,1346.3,3799.8,50.027,25.6,85.5,30.8,229,0
2026-07-30 04:00:00,5101.4,1458.3,3643.1,49.991,27.8,83.2,34.1,192,0
2026-07-30 05:00:00,5783.0,1637.9,4145.1,49.994,28.5,76.4,34.3,186,0
2026-07-30 06:00:00,6668.5,1974.8,4693.7,49.996,29.5,77.0,35.9,188,0
2026-07-30 07:00:00,7088.7,2020.1,5068.6,50.045,30.0,74.1,36.4,138,0
2026-07-30 08:00:00,7364.6,2110.0,5254.6,50.01,29.7,77.4,36.4,188,0
2026-07-30 09:00:00,7901.8,2189.5,5712.3,49.975,30.7,76.1,37.8,136,0
2026-07-30 10:00:00,8825.8,2441.7,6384.1,50.037,34.3,67.1,42.2,154,0
2026-07-30 11:00:00,8537.6,2439.8,6097.8,50.076,33.8,66.6,41.3,121,0
2026-07-30 12:00:00,9273.8,2651.4,6622.4,49.887,35.6,61.2,43.3,128,1
2026-07-30 13:00:00,9712.4,2764.4,6948.0,49.825,36.1,62.1,44.3,94,1
2026-07-30 14:00:00,9507.5,2707.3,6800.2,49.884,37.1,56.7,44.9,116,1
2026-07-30 15:00:00,9378.3,2667.5,6710.8,49.883,36.7,51.0,43.1,90,1
2026-07-30 16:00:00,8821.9,2490.3,6331.6,49.981,35.3,54.3,41.4,82,0
2026-07-30 17:00:00,10364.7,3000.3,7364.4,49.765,35.8,60.1,43.5,152,1
2026-07-30 18:00:00,10800.0,3138.4,7661.6,49.72,34.6,62.0,41.7,125,1
2026-07-30 19:00:00,10800.0,3126.3,7673.7,49.72,34.7,63.2,42.1,123,1
2026-07-30 20:00:00,10716.9,3037.4,7679.5,49.72,32.3,68.5,39.2,145,1
2026-07-30 21:00:00,10080.1,2847.6,7232.5,49.803,31.2,74.1,38.3,154,1
2026-07-30 22:00:00,7691.0,2211.7,5479.3,50.022,30.7,74.5,37.5,188,0
2026-07-30 23:00:00,7236.5,2068.6,5167.9,50.0,29.4,82.5,36.6,181,0
2026-07-31 00:00:00,5726.9,1601.7,4125.2,50.041,28.8,82.3,35.5,225,0
2026-07-31 01:00:00,6034.5,1747.1,4287.4,49.975,27.6,87.7,34.3,238,0
2026-07-31 02:00:00,6114.2,1676.1,4438.1,50.025,28.3,87.1,35.2,222,0
2026-07-31 03:00:00,5455.5,1632.7,3822.8,50.041,25.8,86.0,31.3,227,0
2026-07-31 04:00:00,4921.3,1365.0,3556.3,49.993,27.1,86.6,33.4,206,0
2026-07-31 05:00:00,5376.2,1548.4,3827.8,50.031,26.5,85.1,32.2,195,0
2026-07-31 06:00:00,6699.2,1921.6,4777.6,49.985,29.0,81.6,35.8,196,0
2026-07-31 07:00:00,7505.1,2117.9,5387.2,50.011,30.0,83.1,37.5,165,0
2026-07-31 08:00:00,7287.8,2033.3,5254.5,50.014,30.3,76.6,37.2,133,0
2026-07-31 09:00:00,8669.2,2482.5,6186.7,49.987,32.8,73.9,40.9,110,0
2026-07-31 10:00:00,8648.5,2440.5,6208.0,49.998,33.3,68.6,40.8,122,0
2026-07-31 11:00:00,8724.5,2507.1,6217.4,50.035,33.7,60.2,40.1,123,0
2026-07-31 12:00:00,8912.9,2504.2,6408.7,49.981,35.4,59.8,42.8,124,1
2026-07-31 13:00:00,9821.7,2764.0,7057.7,49.834,36.8,61.8,45.4,114,1
2026-07-31 14:00:00,9364.7,2690.6,6674.1,49.913,36.2,60.1,44.1,103,1
2026-07-31 15:00:00,8751.4,2502.2,6249.2,50.028,36.0,56.8,43.0,90,0
2026-07-31 16:00:00,8684.1,2529.8,6154.3,49.977,36.6,51.7,43.0,107,0
2026-07-31 17:00:00,10770.5,3083.6,7686.9,49.72,36.9,61.8,45.6,107,1
2026-07-31 18:00:00,10638.1,3040.9,7597.2,49.72,35.3,59.9,42.5,105,1
2026-07-31 19:00:00,10800.0,3064.4,7735.6,49.72,33.8,66.6,41.3,163,1
2026-07-31 20:00:00,10800.0,3000.5,7799.5,49.72,32.1,68.8,38.9,168,1
2026-07-31 21:00:00,10617.1,3006.1,7611.0,49.72,31.3,72.3,38.2,181,1
2026-07-31 22:00:00,8458.0,2364.2,6093.8,49.97,31.8,76.8,39.6,206,0
2026-07-31 23:00:00,7229.9,2094.3,5135.6,50.045,28.5,81.5,34.9,216,0
2026-08-01 00:00:00,5382.8,1538.4,3844.4,50.022,28.4,79.1,34.4,220,0
2026-08-01 01:00:00,5956.3,1731.4,4224.9,50.025,28.4,88.8,35.6,232,0
2026-08-01 02:00:00,5656.4,1564.3,4092.1,50.019,27.3,88.8,33.9,194,0
2026-08-01 03:00:00,4839.4,1396.0,3443.4,49.993,26.8,88.7,33.1,212,0
2026-08-01 04:00:00,4982.8,1396.5,3586.3,49.996,28.4,86.5,35.3,213,0
2026-08-01 05:00:00,6087.6,1648.2,4439.4,49.974,28.8,90.0,36.5,186,0
2026-08-01 06:00:00,5816.2,1649.0,4167.2,50.021,28.1,78.5,33.8,163,0
2026-08-01 07:00:00,6654.8,1849.1,4805.7,50.042,30.3,80.3,37.7,184,0
2026-08-01 08:00:00,6635.1,1874.3,4760.8,50.02,30.4,73.1,36.8,157,0
2026-08-01 09:00:00,7688.8,2211.2,5477.6,50.072,32.3,69.3,39.3,138,0
2026-08-01 10:00:00,8473.2,2412.7,6060.5,49.993,34.1,71.6,42.7,111,0
2026-08-01 11:00:00,8252.0,2381.5,5870.5,49.991,34.4,67.3,42.4,128,0
2026-08-01 12:00:00,8698.8,2437.6,6261.2,50.068,35.4,60.5,42.8,109,0
2026-08-01 13:00:00,8389.4,2387.0,6002.4,50.008,34.4,57.2,40.7,112,0
2026-08-01 14:00:00,8994.4,2598.3,6396.1,49.981,36.7,56.8,44.2,125,1
2026-08-01 15:00:00,8769.8,2477.9,6291.9,50.03,36.4,56.1,43.7,91,0
2026-08-01 16:00:00,8606.0,2484.4,6121.6,49.993,35.5,62.7,43.4,98,0
2026-08-01 17:00:00,9975.6,2819.2,7156.4,49.798,36.6,55.3,43.7,142,1
2026-08-01 18:00:00,10388.8,2913.7,7475.1,49.778,35.8,59.6,43.4,121,1
2026-08-01 19:00:00,10251.1,2921.3,7329.8,49.778,33.8,67.0,41.4,148,1
2026-08-01 20:00:00,10513.7,2978.0,7535.7,49.72,33.0,71.7,40.9,175,1
2026-08-01 21:00:00,9273.5,2642.6,6630.9,49.912,31.5,72.6,38.5,182,1
2026-08-01 22:00:00,7795.7,2213.1,5582.6,50.038,30.6,79.8,38.1,193,0
2026-08-01 23:00:00,6945.5,1965.6,4979.9,50.025,31.1,83.4,39.4,182,0
2026-08-02 00:00:00,5181.5,1534.4,3647.1,49.995,29.4,80.1,36.1,208,0
2026-08-02 01:00:00,5188.2,1478.0,3710.2,50.007,28.1,84.1,34.7,230,0
2026-08-02 02:00:00,5687.2,1635.1,4052.1,50.048,27.3,91.7,34.2,201,0
2026-08-02 03:00:00,5226.8,1427.8,3799.0,49.994,27.0,84.8,32.9,229,0
2026-08-02 04:00:00,4521.1,1309.5,3211.6,49.973,28.0,89.0,35.0,197,0
2026-08-02 05:00:00,5283.7,1496.8,3786.9,50.052,26.5,76.5,31.2,211,0
2026-08-02 06:00:00,6251.4,1717.0,4534.4,50.003,29.3,87.5,37.1,166,0
2026-08-02 07:00:00,6592.0,1906.9,4685.1,50.075,29.6,81.4,36.6,174,0
2026-08-02 08:00:00,6710.6,1971.8,4738.8,50.002,30.6,73.1,37.1,163,0
2026-08-02 09:00:00,7310.0,2057.7,5252.3,50.06,31.5,70.6,38.3,156,0
2026-08-02 10:00:00,7520.6,2162.6,5358.0,49.978,32.5,68.2,39.4,142,0
2026-08-02 11:00:00,8581.2,2480.1,6101.1,50.018,34.9,61.6,42.2,131,0
2026-08-02 12:00:00,8317.8,2329.1,5988.7,50.03,35.0,59.7,42.0,134,0
2026-08-02 13:00:00,8372.8,2382.9,5989.9,50.017,35.3,56.2,41.8,85,0
2026-08-02 14:00:00,8996.3,2584.3,6412.0,50.048,37.1,59.1,45.4,102,1
2026-08-02 15:00:00,8471.1,2440.9,6030.2,50.027,36.6,55.6,43.8,91,0
2026-08-02 16:00:00,8651.7,2503.9,6147.8,50.009,36.8,57.1,44.5,133,0
2026-08-02 17:00:00,9904.9,2826.2,7078.7,49.814,35.4,60.8,42.9,127,1
2026-08-02 18:00:00,10800.0,3118.3,7681.7,49.72,37.1,64.9,46.6,143,1
2026-08-02 19:00:00,9886.3,2826.0,7060.3,49.807,34.3,63.6,41.6,144,1
2026-08-02 20:00:00,10623.2,2985.8,7637.4,49.72,34.4,68.2,42.7,142,1
2026-08-02 21:00:00,9910.9,2770.0,7140.9,49.827,32.2,74.9,40.1,162,1
2026-08-02 22:00:00,7726.4,2266.2,5460.2,50.001,31.3,77.4,38.8,187,0
2026-08-02 23:00:00,6537.6,1907.4,4630.2,50.002,29.9,76.2,36.4,185,0
2026-08-03 00:00:00,5819.5,1598.7,4220.8,50.048,28.6,81.4,35.1,199,0
2026-08-03 01:00:00,6048.3,1750.6,4297.7,50.022,27.6,87.2,34.1,194,0
2026-08-03 02:00:00,5738.4,1676.6,4061.8,50.034,26.9,87.2,33.0,197,0
2026-08-03 03:00:00,5674.6,1524.4,4150.2,50.033,27.5,84.1,33.7,222,0
2026-08-03 04:00:00,4779.9,1373.4,3406.5,50.019,27.6,90.1,34.6,191,0
2026-08-03 05:00:00,5792.5,1680.1,4112.4,49.99,26.8,82.1,32.2,240,0
2026-08-03 06:00:00,5995.6,1704.2,4291.4,50.018,27.1,82.1,32.9,183,0
2026-08-03 07:00:00,6528.3,1778.5,4749.8,50.032,29.6,75.7,36.0,181,0
2026-08-03 08:00:00,7485.5,2122.9,5362.6,49.962,31.2,75.7,38.6,139,0
2026-08-03 09:00:00,7859.2,2270.1,5589.1,49.953,31.4,74.0,38.6,167,0
2026-08-03 10:00:00,8593.6,2502.0,6091.6,49.984,33.7,65.7,41.0,137,0
2026-08-03 11:00:00,8954.7,2518.3,6436.4,50.01,34.8,63.7,42.4,118,1
2026-08-03 12:00:00,9289.9,2684.6,6605.3,49.885,35.1,62.1,42.7,113,1
2026-08-03 13:00:00,9488.6,2627.8,6860.8,49.879,36.6,55.5,43.8,115,1
2026-08-03 14:00:00,9093.7,2559.4,6534.3,50.012,36.0,55.2,42.7,125,1
2026-08-03 15:00:00,9569.9,2640.3,6929.6,49.854,37.0,56.6,44.7,124,1
2026-08-03 16:00:00,9604.3,2758.5,6845.8,49.862,35.9,58.9,43.3,72,1
2026-08-03 17:00:00,10800.0,3083.2,7716.8,49.72,36.8,66.0,46.3,134,1
2026-08-03 18:00:00,10647.0,3031.4,7615.6,49.72,34.8,58.9,41.6,122,1
2026-08-03 19:00:00,10800.0,3201.1,7598.9,49.72,34.4,64.4,41.9,147,1
2026-08-03 20:00:00,10646.0,2980.5,7665.5,49.72,32.2,68.8,39.0,150,1
2026-08-03 21:00:00,10726.9,3023.1,7703.8,49.72,31.5,74.9,38.8,189,1
2026-08-03 22:00:00,8438.9,2414.2,6024.7,50.029,31.3,74.5,38.6,175,0
2026-08-03 23:00:00,6814.7,1899.6,4915.1,50.01,29.1,75.8,35.1,190,0
2026-08-04 00:00:00,5601.2,1580.7,4020.5,49.979,27.5,79.2,33.0,217,0
2026-08-04 01:00:00,6055.6,1706.0,4349.6,49.975,27.3,83.9,33.3,222,0
2026-08-04 02:00:00,6254.2,1815.5,4438.7,50.015,27.9,84.0,34.2,207,0
2026-08-04 03:00:00,5432.8,1602.4,3830.4,50.049,26.5,87.6,32.5,229,0
2026-08-04 04:00:00,5996.2,1726.8,4269.4,49.995,29.0,87.4,36.5,216,0
2026-08-04 05:00:00,5933.0,1734.8,4198.2,49.944,27.7,85.7,34.2,179,0
2026-08-04 06:00:00,6989.7,1992.2,4997.5,50.047,30.0,86.0,38.1,180,0
2026-08-04 07:00:00,7072.9,2019.1,5053.8,49.988,30.5,75.3,37.4,183,0
2026-08-04 08:00:00,7719.8,2184.7,5535.1,50.023,32.2,79.0,40.8,148,0
2026-08-04 09:00:00,8361.2,2396.0,5965.2,49.968,32.2,75.8,40.2,157,0
2026-08-04 10:00:00,8699.5,2466.6,6232.9,49.979,33.0,71.3,40.8,131,0
2026-08-04 11:00:00,8838.2,2481.3,6356.9,50.044,34.2,65.4,41.7,111,0
2026-08-04 12:00:00,9190.4,2578.9,6611.5,49.947,34.9,65.8,43.1,135,1
2026-08-04 13:00:00,8906.9,2554.0,6352.9,49.943,34.7,54.9,40.7,127,1
2026-08-04 14:00:00,9186.3,2640.7,6545.6,50.059,35.4,60.2,42.8,109,1
2026-08-04 15:00:00,9736.4,2690.9,7045.5,49.853,36.3,57.2,43.7,109,1
2026-08-04 16:00:00,9238.4,2661.4,6577.0,49.976,36.3,59.2,44.0,102,1
2026-08-04 17:00:00,10623.1,2955.8,7667.3,49.72,36.5,56.5,43.9,114,1
2026-08-04 18:00:00,10800.0,3048.6,7751.4,49.72,35.8,57.6,42.9,148,1
2026-08-04 19:00:00,10800.0,3081.1,7718.9,49.72,35.5,66.7,44.2,145,1
2026-08-04 20:00:00,10800.0,3075.7,7724.3,49.72,31.5,74.2,38.8,162,1
2026-08-04 21:00:00,10237.5,2876.4,7361.1,49.756,31.9,67.2,38.3,208,1
2026-08-04 22:00:00,8549.4,2465.8,6083.6,50.026,31.9,75.9,39.6,168,0
2026-08-04 23:00:00,7418.0,2179.1,5238.9,50.021,30.3,86.7,38.6,231,0
2026-08-05 00:00:00,5710.9,1660.7,4050.2,50.042,29.2,77.5,35.6,205,0
2026-08-05 01:00:00,5687.8,1650.2,4037.6,50.021,26.4,84.9,32.1,229,0
2026-08-05 02:00:00,5823.2,1688.0,4135.2,50.011,27.9,85.7,34.5,196,0
2026-08-05 03:00:00,5811.0,1642.7,4168.3,49.97,27.4,85.7,33.7,208,0
2026-08-05 04:00:00,5777.5,1645.8,4131.7,50.019,28.2,85.9,35.1,208,0
2026-08-05 05:00:00,5601.0,1604.3,3996.7,50.013,27.2,84.3,33.1,208,0
2026-08-05 06:00:00,6875.7,1919.8,4955.9,50.014,28.9,85.7,36.0,192,0
2026-08-05 07:00:00,7383.0,2103.5,5279.5,50.025,29.8,76.3,36.4,188,0
2026-08-05 08:00:00,7351.0,2039.4,5311.6,50.061,30.9,73.7,37.7,132,0
2026-08-05 09:00:00,7789.4,2189.3,5600.1,50.012,31.9,71.0,38.9,159,0
2026-08-05 10:00:00,8839.0,2535.1,6303.9,50.016,34.0,69.6,42.2,136,0
2026-08-05 11:00:00,8684.7,2455.9,6228.8,50.086,33.4,64.6,40.4,105,0
2026-08-05 12:00:00,9097.3,2659.7,6437.6,49.992,35.2,57.2,41.8,110,1
2026-08-05 13:00:00,8976.1,2547.9,6428.2,50.008,34.6,61.5,41.8,86,1
2026-08-05 14:00:00,9453.8,2700.3,6753.5,49.884,36.9,55.5,44.3,100,1
2026-08-05 15:00:00,9600.6,2672.9,6927.7,49.861,36.8,59.5,45.0,112,1
2026-08-05 16:00:00,9269.8,2618.9,6650.9,49.92,36.7,59.7,44.9,101,1
2026-08-05 17:00:00,10800.0,3073.0,7727.0,49.72,36.7,57.8,44.5,134,1
2026-08-05 18:00:00,10800.0,3098.7,7701.3,49.72,35.8,62.4,43.8,166,1
2026-08-05 19:00:00,10800.0,3070.6,7729.4,49.72,33.6,64.5,40.6,147,1
2026-08-05 20:00:00,10800.0,3109.8,7690.2,49.72,33.4,61.9,39.8,158,1
2026-08-05 21:00:00,10200.5,2919.5,7281.0,49.744,31.6,71.5,38.5,162,1
2026-08-05 22:00:00,8272.5,2305.6,5966.9,49.954,30.5,72.9,37.0,195,0
2026-08-05 23:00:00,7021.5,1993.1,5028.4,50.021,29.7,79.5,36.5,202,0
2026-08-06 00:00:00,5979.0,1667.3,4311.7,50.062,29.7,76.7,36.1,202,0
2026-08-06 01:00:00,5877.7,1601.3,4276.4,49.997,27.6,84.9,33.9,221,0
2026-08-06 02:00:00,6351.8,1797.0,4554.8,49.995,28.5,85.5,35.4,202,0
2026-08-06 03:00:00,6040.3,1767.9,4272.4,49.995,27.6,89.3,34.5,248,0
2026-08-06 04:00:00,4948.5,1403.3,3545.2,50.022,26.8,86.7,32.9,209,0
2026-08-06 05:00:00,6132.2,1727.1,4405.1,49.974,28.4,86.5,35.4,203,0
2026-08-06 06:00:00,6717.6,2031.9,4685.7,49.978,30.2,82.6,37.9,184,0
2026-08-06 07:00:00,7110.6,2098.8,5011.8,50.025,29.4,80.7,36.3,183,0
2026-08-06 08:00:00,7646.9,2123.5,5523.4,50.046,30.0,75.1,36.5,164,0
2026-08-06 09:00:00,7990.7,2307.4,5683.3,50.03,32.1,74.5,39.9,144,0
2026-08-06 10:00:00,8489.1,2452.2,6036.9,50.023,33.9,68.1,41.8,123,0
2026-08-06 11:00:00,8368.8,2352.4,6016.4,49.976,33.5,62.9,40.2,114,0
2026-08-06 12:00:00,9351.0,2715.1,6635.9,49.882,34.9,59.2,41.7,87,1
2026-08-06 13:00:00,9258.6,2682.4,6576.2,49.9,36.1,60.3,44.0,124,1
2026-08-06 14:00:00,9635.3,2698.1,6937.2,49.869,35.3,59.7,42.5,124,1
2026-08-06 15:00:00,9107.0,2564.5,6542.5,50.012,36.2,59.4,43.9,84,1
2026-08-06 16:00:00,9253.6,2702.0,6551.6,49.92,35.8,59.5,43.3,127,1
2026-08-06 17:00:00,10650.1,3098.2,7551.9,49.72,34.9,63.1,42.5,112,1
2026-08-06 18:00:00,10645.1,3037.0,7608.1,49.72,34.0,58.6,40.2,152,1
2026-08-06 19:00:00,10800.0,3112.3,7687.7,49.72,34.8,65.3,42.8,142,1
2026-08-06 20:00:00,10800.0,3047.6,7752.4,49.72,33.0,71.4,40.7,158,1
2026-08-06 21:00:00,10588.1,2991.3,7596.8,49.72,31.8,75.7,39.5,162,1
2026-08-06 22:00:00,7835.6,2242.1,5593.5,49.974,29.6,75.2,35.9,184,0
2026-08-06 23:00:00,7364.0,2078.0,5286.0,50.017,30.6,80.1,38.2,201,0
2026-08-07 00:00:00,5782.0,1658.1,4123.9,50.046,29.2,77.4,35.5,199,0
2026-08-07 01:00:00,5729.5,1619.0,4110.5,50.033,27.5,83.5,33.6,205,0
2026-08-07 02:00:00,5652.7,1597.8,4054.9,50.06,26.8,87.8,33.0,189,0
2026-08-07 03:00:00,5411.5,1566.8,3844.7,50.021,27.3,80.4,32.9,183,0
2026-08-07 04:00:00,5578.8,1524.7,4054.1,49.983,27.8,90.0,34.8,199,0
2026-08-07 05:00:00,5736.7,1637.4,4099.3,49.982,26.7,84.2,32.3,198,0
2026-08-07 06:00:00,6401.5,1804.9,4596.6,50.058,28.7,78.1,34.8,207,0
2026-08-07 07:00:00,6651.0,1912.8,4738.2,50.032,28.8,76.1,34.6,157,0
2026-08-07 08:00:00,7781.2,2194.2,5587.0,49.991,32.9,69.1,40.3,169,0
2026-08-07 09:00:00,7977.8,2327.7,5650.1,49.965,31.3,77.1,38.8,158,0
2026-08-07 10:00:00,8154.5,2328.1,5826.4,50.014,32.1,61.6,37.8,122,0
2026-08-07 11:00:00,8784.2,2427.8,6356.4,50.019,33.1,66.9,40.3,124,0
2026-08-07 12:00:00,8874.5,2495.2,6379.3,50.01,34.2,60.2,40.9,120,0
2026-08-07 13:00:00,9295.5,2628.2,6667.3,49.895,34.7,62.5,42.0,103,1
2026-08-07 14:00:00,9418.4,2668.9,6749.5,49.848,35.7,60.1,43.3,94,1
2026-08-07 15:00:00,8901.9,2574.1,6327.8,50.007,36.0,53.5,42.5,107,1
2026-08-07 16:00:00,9238.9,2602.2,6636.7,49.879,36.2,59.5,44.0,126,1
2026-08-07 17:00:00,10356.9,2979.2,7377.7,49.734,35.3,57.2,42.1,122,1
2026-08-07 18:00:00,10800.0,3053.9,7746.1,49.72,35.1,64.9,43.2,137,1
2026-08-07 19:00:00,10800.0,3024.0,7776.0,49.72,33.6,62.9,40.3,157,1
2026-08-07 20:00:00,10800.0,3146.2,7653.8,49.72,33.4,63.9,40.2,153,1
2026-08-07 21:00:00,10785.2,3032.3,7752.9,49.72,32.8,76.2,41.2,164,1
2026-08-07 22:00:00,8035.2,2211.3,5823.9,50.009,30.8,77.9,38.2,203,0
2026-08-07 23:00:00,7195.7,2111.4,5084.3,50.021,30.0,80.2,37.2,193,0
2026-08-08 00:00:00,5632.1,1597.8,4034.3,50.009,28.5,81.1,34.9,205,0
2026-08-08 01:00:00,5794.2,1654.6,4139.6,50.011,27.7,88.3,34.5,242,0
2026-08-08 02:00:00,5325.2,1489.2,3836.0,49.998,25.7,88.7,31.4,217,0
2026-08-08 03:00:00,5599.9,1613.2,3986.7,49.972,27.2,90.1,33.8,207,0
2026-08-08 04:00:00,5079.7,1475.8,3603.9,50.026,27.6,84.5,33.8,174,0
2026-08-08 05:00:00,5730.1,1591.0,4139.1,49.934,28.2,80.8,34.4,191,0
2026-08-08 06:00:00,6127.2,1771.8,4355.4,50.018,28.6,82.2,35.2,189,0
2026-08-08 07:00:00,6752.3,1874.8,4877.5,49.965,30.7,74.9,37.6,181,0
2026-08-08 08:00:00,6675.4,1868.2,4807.2,49.992,30.2,73.9,36.7,171,0
2026-08-08 09:00:00,7708.2,2248.5,5459.7,49.988,32.9,72.0,40.7,143,0
2026-08-08 10:00:00,8736.0,2447.5,6288.5,49.999,34.2,68.7,42.4,130,0
2026-08-08 11:00:00,8415.6,2447.4,5968.2,50.004,33.3,67.4,40.6,146,0
2026-08-08 12:00:00,8404.0,2375.5,6028.5,50.05,34.9,56.4,41.2,142,0
2026-08-08 13:00:00,8660.2,2465.6,6194.6,49.966,35.1,60.2,42.3,104,0
2026-08-08 14:00:00,9035.9,2533.4,6502.5,50.009,36.4,60.7,44.5,104,1
2026-08-08 15:00:00,8815.3,2555.9,6259.4,50.031,36.0,59.2,43.6,107,0
2026-08-08 16:00:00,8495.3,2407.4,6087.9,49.999,36.6,54.5,43.5,112,0
2026-08-08 17:00:00,9570.4,2673.6,6896.8,49.865,35.1,53.1,41.0,111,1
2026-08-08 18:00:00,10800.0,3124.7,7675.3,49.72,36.7,64.5,45.8,157,1
2026-08-08 19:00:00,10393.8,2940.1,7453.7,49.736,33.7,56.3,39.4,163,1
2026-08-08 20:00:00,9851.9,2824.2,7027.7,49.817,32.6,69.3,39.7,176,1
2026-08-08 21:00:00,9810.7,2787.5,7023.2,49.848,32.1,73.4,39.6,171,1
2026-08-08 22:00:00,7518.1,2178.6,5339.5,50.011,31.2,76.5,38.6,168,0
2026-08-08 23:00:00,6939.9,1957.4,4982.5,49.933,30.3,84.8,38.3,214,0
2026-08-09 00:00:00,5390.7,1523.5,3867.2,49.957,28.7,81.6,35.2,213,0
2026-08-09 01:00:00,5550.6,1595.0,3955.6,50.039,27.4,86.4,33.7,238,0
2026-08-09 02:00:00,5559.6,1590.6,3969.0,50.019,27.0,87.6,33.3,203,0
2026-08-09 03:00:00,5078.4,1433.8,3644.6,50.017,26.9,89.1,33.2,244,0
2026-08-09 04:00:00,5230.4,1521.1,3709.3,49.958,28.3,84.8,35.0,165,0
2026-08-09 05:00:00,5864.6,1664.4,4200.2,50.012,27.6,89.7,34.5,220,0
2026-08-09 06:00:00,5918.4,1727.2,4191.2,50.009,28.7,86.0,35.9,174,0
2026-08-09 07:00:00,6567.6,1872.1,4695.5,49.966,30.9,77.5,38.2,173,0
2026-08-09 08:00:00,6914.7,1901.5,5013.2,50.05,30.4,71.6,36.7,170,0
2026-08-09 09:00:00,8536.0,2380.0,6156.0,50.011,34.0,72.1,42.6,136,0
2026-08-09 10:00:00,8046.3,2255.1,5791.2,50.0,33.3,72.2,41.5,137,0
2026-08-09 11:00:00,7819.7,2278.8,5540.9,49.995,33.4,64.6,40.4,112,0
2026-08-09 12:00:00,7952.0,2279.6,5672.4,49.979,34.2,60.9,40.9,113,0
2026-08-09 13:00:00,8990.0,2557.9,6432.1,50.028,37.3,60.6,45.9,100,1
2026-08-09 14:00:00,8645.4,2450.2,6195.2,49.947,36.3,56.9,43.6,105,0
2026-08-09 15:00:00,9326.1,2661.4,6664.7,49.88,37.3,57.9,45.4,95,1
2026-08-09 16:00:00,8773.1,2518.3,6254.8,50.002,37.0,58.7,45.2,118,0
2026-08-09 17:00:00,10157.5,2864.2,7293.3,49.764,36.3,53.3,42.9,114,1
2026-08-09 18:00:00,10071.5,2875.8,7195.7,49.788,34.8,57.7,41.4,99,1
2026-08-09 19:00:00,10416.4,2945.7,7470.7,49.732,34.1,64.6,41.5,161,1
2026-08-09 20:00:00,10548.7,3019.9,7528.8,49.72,33.6,72.4,42.0,150,1
2026-08-09 21:00:00,9731.1,2758.0,6973.1,49.844,32.0,67.6,38.6,147,1
2026-08-09 22:00:00,7209.5,2110.3,5099.2,49.969,30.8,73.0,37.5,186,0
2026-08-09 23:00:00,6471.7,1823.7,4648.0,50.036,29.6,76.4,36.0,207,0
2026-08-10 00:00:00,5601.6,1600.8,4000.8,50.0,28.8,84.2,35.8,192,0
2026-08-10 01:00:00,5933.1,1766.5,4166.6,50.005,28.6,84.8,35.5,216,0
2026-08-10 02:00:00,5910.9,1702.7,4208.2,49.999,28.2,84.0,34.8,219,0
2026-08-10 03:00:00,5549.8,1600.0,3949.8,50.073,27.5,89.1,34.3,194,0
2026-08-10 04:00:00,5694.5,1553.0,4141.5,50.013,27.5,88.3,34.2,206,0
2026-08-10 05:00:00,5705.6,1614.7,4090.9,50.007,26.8,77.5,31.8,203,0
2026-08-10 06:00:00,7070.4,2026.9,5043.5,50.003,31.3,81.8,39.6,195,0
2026-08-10 07:00:00,7085.5,1927.2,5158.3,49.999,29.4,85.0,36.9,191,0
2026-08-10 08:00:00,8328.7,2382.4,5946.3,49.985,33.0,75.2,41.4,176,0
2026-08-10 09:00:00,7618.3,2121.2,5497.1,50.002,30.1,74.1,36.4,133,0
2026-08-10 10:00:00,8809.7,2486.9,6322.8,49.96,33.2,68.9,40.7,115,0
2026-08-10 11:00:00,9105.6,2585.6,6520.0,50.006,34.2,64.6,41.6,123,1
2026-08-10 12:00:00,8903.7,2461.4,6442.3,50.053,34.3,63.9,41.7,115,1
2026-08-10 13:00:00,8788.4,2445.0,6343.4,49.946,34.9,57.2,41.4,112,0
2026-08-10 14:00:00,9297.6,2613.0,6684.6,49.894,36.9,55.9,44.4,148,1
2026-08-10 15:00:00,9173.8,2559.3,6614.5,49.956,36.7,55.6,44.0,116,1
2026-08-10 16:00:00,8603.3,2501.7,6101.6,50.047,34.6,56.0,40.7,107,0
2026-08-10 17:00:00,10274.8,2902.0,7372.8,49.745,35.6,53.6,41.9,112,1
2026-08-10 18:00:00,10800.0,3092.4,7707.6,49.72,34.7,60.2,41.6,122,1
2026-08-10 19:00:00,10800.0,3045.3,7754.7,49.72,35.3,61.6,42.8,121,1
2026-08-10 20:00:00,10404.7,2906.2,7498.5,49.773,31.2,72.3,38.1,170,1
2026-08-10 21:00:00,10242.4,2910.0,7332.4,49.778,31.4,69.5,37.9,140,0
2026-08-10 22:00:00,7891.5,2186.2,5705.3,50.042,29.7,71.3,35.5,194,0
2026-08-10 23:00:00,6735.3,1913.5,4821.8,50.042,29.8,82.8,37.2,197,0
2026-08-11 00:00:00,5128.5,1528.5,3600.0,49.983,28.1,81.4,34.3,204,0
2026-08-11 01:00:00,6325.3,1793.3,4532.0,49.983,28.5,84.7,35.4,231,0
2026-08-11 02:00:00,5922.8,1738.1,4184.7,50.015,28.3,80.9,34.5,224,0
2026-08-11 03:00:00,5582.1,1617.8,3964.3,50.015,28.0,87.2,34.9,186,0
2026-08-11 04:00:00,5421.4,1549.2,3872.2,49.941,28.6,87.7,35.9,193,0
2026-08-11 05:00:00,6262.1,1834.5,4427.6,50.077,29.4,86.3,37.1,217,0
2026-08-11 06:00:00,6014.4,1733.8,4280.6,50.035,27.8,84.9,34.2,187,0
2026-08-11 07:00:00,6671.0,1906.7,4764.3,50.011,29.3,83.0,36.4,149,0
2026-08-11 08:00:00,7571.3,2152.9,5418.4,50.028,30.3,78.3,37.4,167,0
2026-08-11 09:00:00,8478.2,2417.7,6060.5,49.969,31.6,78.2,39.6,133,0
2026-08-11 10:00:00,9086.2,2603.1,6483.1,49.992,34.3,68.5,42.4,145,1
2026-08-11 11:00:00,8698.4,2496.9,6201.5,49.991,35.0,64.5,43.0,131,0
2026-08-11 12:00:00,9635.0,2706.1,6928.9,49.887,36.5,63.3,45.2,115,1
2026-08-11 13:00:00,9668.4,2723.6,6944.8,49.851,37.5,60.2,46.2,130,1
2026-08-11 14:00:00,9487.1,2663.9,6823.2,49.887,36.7,56.3,44.1,113,1
2026-08-11 15:00:00,9323.9,2676.0,6647.9,49.878,37.2,57.5,45.2,124,1
2026-08-11 16:00:00,8831.2,2508.3,6322.9,50.035,35.5,55.6,42.0,98,0
2026-08-11 17:00:00,10254.0,2920.0,7334.0,49.771,35.6,54.3,42.0,138,1
2026-08-11 18:00:00,10800.0,3165.1,7634.9,49.72,35.3,64.7,43.5,139,1
2026-08-11 19:00:00,10800.0,3177.7,7622.3,49.72,34.1,67.4,42.0,149,1
2026-08-11 20:00:00,10740.8,2982.5,7758.3,49.72,32.9,68.5,40.2,176,1
2026-08-11 21:00:00,9995.3,2791.6,7203.7,49.802,30.7,70.7,37.0,181,0
2026-08-11 22:00:00,8321.9,2409.9,5912.0,50.047,31.5,70.8,38.3,199,0
2026-08-11 23:00:00,7485.6,2133.5,5352.1,50.056,31.5,78.4,39.4,200,0
2026-08-12 00:00:00,5798.6,1638.1,4160.5,50.036,27.7,80.0,33.5,228,0
2026-08-12 01:00:00,6439.9,1941.1,4498.8,50.028,28.4,89.5,35.7,214,0
2026-08-12 02:00:00,6498.3,1859.2,4639.1,50.002,27.7,88.7,34.5,209,0
2026-08-12 03:00:00,5538.7,1601.6,3937.1,49.965,26.8,90.3,33.3,226,0
2026-08-12 04:00:00,5359.7,1476.4,3883.3,49.983,27.8,87.8,34.6,233,0
2026-08-12 05:00:00,6043.5,1771.2,4272.3,50.014,27.0,89.0,33.5,222,0
2026-08-12 06:00:00,6181.9,1772.4,4409.5,50.009,28.7,81.6,35.3,182,0
2026-08-12 07:00:00,6995.5,1996.6,4998.9,50.032,30.3,79.8,37.7,171,0
2026-08-12 08:00:00,7150.5,2014.4,5136.1,50.017,29.9,76.1,36.5,163,0
2026-08-12 09:00:00,8022.2,2379.8,5642.4,49.984,31.1,73.0,37.9,132,0
2026-08-12 10:00:00,8390.6,2410.6,5980.0,49.984,33.6,65.9,40.9,148,0
2026-08-12 11:00:00,8599.4,2472.9,6126.5,50.0,34.1,61.4,40.9,133,0
2026-08-12 12:00:00,9165.0,2673.2,6491.8,49.987,35.1,61.8,42.6,100,1
2026-08-12 13:00:00,9441.1,2702.8,6738.3,49.873,36.8,63.5,45.8,94,1
2026-08-12 14:00:00,9570.9,2771.3,6799.6,49.853,37.8,57.6,46.3,92,1
2026-08-12 15:00:00,9438.2,2689.2,6749.0,49.898,36.5,59.9,44.6,99,1
2026-08-12 16:00:00,9252.2,2577.8,6674.4,49.917,36.8,56.9,44.4,113,1
2026-08-12 17:00:00,10771.0,3098.7,7672.3,49.72,37.4,56.4,45.3,109,1
2026-08-12 18:00:00,10665.2,3045.3,7619.9,49.72,35.1,58.6,41.9,133,1
2026-08-12 19:00:00,10760.7,3112.2,7648.5,49.72,33.2,59.9,39.3,169,1
2026-08-12 20:00:00,10800.0,3062.7,7737.3,49.72,33.0,69.4,40.5,146,1
2026-08-12 21:00:00,10352.5,3014.1,7338.4,49.765,32.3,71.2,39.6,171,1
2026-08-12 22:00:00,8582.7,2443.6,6139.1,49.988,31.6,75.0,39.1,161,0
2026-08-12 23:00:00,7508.6,2183.3,5325.3,49.978,30.1,83.0,37.7,198,0
2026-08-13 00:00:00,5666.0,1557.6,4108.4,49.996,28.3,85.5,35.1,166,0
2026-08-13 01:00:00,5777.5,1738.3,4039.2,50.066,27.9,83.9,34.2,204,0
2026-08-13 02:00:00,5888.8,1675.8,4213.0,49.99,26.7,91.2,33.3,209,0
2026-08-13 03:00:00,5642.5,1572.4,4070.1,49.961,28.3,87.4,35.3,205,0
2026-08-13 04:00:00,5507.6,1617.6,3890.0,50.009,27.7,82.9,33.8,203,0
2026-08-13 05:00:00,6163.7,1699.6,4464.1,50.022,28.0,90.6,35.3,206,0
2026-08-13 06:00:00,6599.4,1873.5,4725.9,49.935,29.5,80.7,36.4,191,0
2026-08-13 07:00:00,7016.5,1969.5,5047.0,50.021,29.6,82.4,36.8,164,0
2026-08-13 08:00:00,7567.4,2132.5,5434.9,50.025,30.7,73.1,37.3,179,0
2026-08-13 09:00:00,8384.7,2366.9,6017.8,49.999,32.4,73.9,40.3,120,0
2026-08-13 10:00:00,8759.7,2552.1,6207.6,49.97,35.3,69.0,44.2,126,0
2026-08-13 11:00:00,8784.1,2497.1,6287.0,50.019,33.4,63.5,40.2,142,0
2026-08-13 12:00:00,9199.5,2660.5,6539.0,50.025,34.7,61.8,41.9,113,1
2026-08-13 13:00:00,9107.6,2579.5,6528.1,50.013,35.6,61.2,43.3,105,1
2026-08-13 14:00:00,9562.2,2729.8,6832.4,49.869,37.1,57.0,44.9,86,1
2026-08-13 15:00:00,9529.0,2674.2,6854.8,49.885,37.2,60.1,45.8,97,1
2026-08-13 16:00:00,9753.9,2800.1,6953.8,49.846,37.5,56.6,45.5,108,1
2026-08-13 17:00:00,10227.0,2900.8,7326.2,49.754,34.9,61.0,42.2,107,1
2026-08-13 18:00:00,10800.0,3000.1,7799.9,49.72,35.0,57.1,41.6,146,1
2026-08-13 19:00:00,10800.0,3070.6,7729.4,49.72,33.6,67.1,41.1,144,1
2026-08-13 20:00:00,10800.0,3171.0,7629.0,49.72,32.2,69.9,39.2,176,1
2026-08-13 21:00:00,10753.8,3049.3,7704.5,49.72,32.8,71.7,40.5,192,1
2026-08-13 22:00:00,7962.8,2325.1,5637.7,50.013,30.4,71.6,36.7,179,0
2026-08-13 23:00:00,7222.0,2053.7,5168.3,50.013,30.8,75.4,37.8,192,0
2026-08-14 00:00:00,5982.9,1668.1,4314.8,50.007,29.4,81.3,36.3,209,0
2026-08-14 01:00:00,6063.5,1710.8,4352.7,50.048,28.0,84.5,34.5,213,0
2026-08-14 02:00:00,5714.2,1574.4,4139.8,50.032,26.7,84.3,32.4,256,0
2026-08-14 03:00:00,5205.9,1404.4,3801.5,49.965,25.8,86.3,31.3,245,0
2026-08-14 04:00:00,5693.0,1678.1,4014.9,50.064,28.4,89.9,35.8,199,0
2026-08-14 05:00:00,5794.0,1640.9,4153.1,50.004,27.9,78.1,33.6,186,0
2026-08-14 06:00:00,7024.1,2016.2,5007.9,50.012,29.7,86.4,37.6,184,0
2026-08-14 07:00:00,7013.5,1978.3,5035.2,50.006,30.5,79.7,37.9,205,0
2026-08-14 08:00:00,7437.7,2153.4,5284.3,50.033,31.2,79.7,39.1,159,0
2026-08-14 09:00:00,7520.7,2107.3,5413.4,50.034,30.4,72.0,36.8,121,0
2026-08-14 10:00:00,8228.5,2358.3,5870.2,49.986,33.3,64.3,40.0,145,0
2026-08-14 11:00:00,9086.9,2586.5,6500.4,50.019,34.0,66.0,41.5,128,1
2026-08-14 12:00:00,9045.0,2505.7,6539.3,50.02,34.8,61.9,42.2,118,1
2026-08-14 13:00:00,9587.1,2752.0,6835.1,49.857,36.2,57.0,43.4,87,1
2026-08-14 14:00:00,9094.9,2570.0,6524.9,50.025,35.4,55.0,41.9,124,1
2026-08-14 15:00:00,9232.3,2606.1,6626.2,49.863,35.8,61.5,43.8,127,1
2026-08-14 16:00:00,8733.6,2435.3,6298.3,50.002,35.2,53.5,41.1,114,0
2026-08-14 17:00:00,10750.1,3008.4,7741.7,49.72,36.3,60.6,44.3,92,1
2026-08-14 18:00:00,10800.0,2987.9,7812.1,49.72,35.8,58.7,43.2,121,1
2026-08-14 19:00:00,10800.0,3017.7,7782.3,49.72,34.0,67.4,41.8,129,1
2026-08-14 20:00:00,10800.0,3062.8,7737.2,49.72,32.2,71.1,39.5,149,1
2026-08-14 21:00:00,10674.7,3008.3,7666.4,49.72,31.9,73.8,39.3,156,1
2026-08-14 22:00:00,8085.6,2309.6,5776.0,49.939,31.3,73.9,38.3,188,0
2026-08-14 23:00:00,6666.3,1890.1,4776.2,50.019,28.3,81.3,34.6,214,0
